2025-00052444;03/04/2025 22:42:00;03/05/2025 - 13:17;Suspicious Activity;Active/Pending;7500 block of Baltimore Ave
2025-00058442;02/10/2025 09:00:00;03/11/2025 - 15:37;Suspicious Activity;CBE;4100 block of Library Ln
2025-00060088;11/08/2024 16:45:00;03/13/2025 - 12:10;Injured/Sick Person;CBE;4100 block of Campus Dr
2025-00060978;03/14/2025 09:00:00;03/14/2025 - 11:21;Theft;Investigation Pending;4200 block of Chapel Ln
2025-00061289;03/14/2025 20:24:00;03/14/2025 - 20:28;Theft;Active/Pending;4200 block of Stadium Dr
2025-00063172;03/16/2025 16:04:00;03/16/2025 - 16:04;Recovered Stolen Property;Arrest;7500 block of Mowatt Ln
2025-00063978;03/17/2025 12:43:00;03/17/2025 - 12:43;Damage to State Property;CBE;7500 block of Baltimore Ave
2025-00065907;03/18/2025 14:30:00;03/19/2025 - 13:52;Extortion;Investigation Pending;4300 block of Rowalt Dr
2025-00066919;03/20/2025 16:52:00;03/20/2025 - 16:52;Alarm;CBE;4400 block of Stadium Dr
2025-00066947;03/20/2025 17:45:00;03/20/2025 - 17:45;Trespassing;CBE;300 block of Ehrensberger Dr
2025-00067647;03/20/2025 23:30:00;03/21/2025 - 12:13;Assist Other Agency;CBE;8100 block of Baltimore Ave
2025-00067822;03/19/2025 14:00:00;03/21/2025 - 17:22;Theft;Unfounded;8200 block of Paint Branch Dr
2025-00068063;03/15/2025 05:00:00;03/21/2025 - 21:22;Theft;Investigation Pending;6900 block of Preinkert Dr
2025-00068258;03/22/2025 00:52:00;03/22/2025 - 00:52;DWI/DUI;Arrest;University Blvd
2025-00068634;03/22/2025 12:20:00;03/22/2025 - 12:20;Injured/Sick Person;CBE;Capital One Field, Football Stadium, SECU Stadium
2025-00068716;03/22/2025 16:55:00;03/22/2025 - 16:55;Injured/Sick Person;CBE;8500 block of Paint Branch Dr
2025-00068759;03/22/2025 18:08:00;03/22/2025 - 18:08;Assault;CBE;8500 block of Paint Branch Dr
2025-00068923;03/22/2025 19:29:00;03/22/2025 - 20:14;Injured/Sick Person;CBE;4300 block of Rowalt Dr
2025-00069101;03/22/2025 23:22:00;03/22/2025 - 23:22;DWI/DUI;Arrest;Baltimore Ave
2025-00069295;03/23/2025 03:50:00;03/23/2025 - 03:50;DWI/DUI;Arrest;Baltimore Ave
2025-00069631;03/23/2025 12:15:00;03/23/2025 - 12:15;Assist Other Agency;CBE;4300 block of Knox Rd
2025-00069654;03/21/2025 15:00:00;03/23/2025 - 13:14;Other Incident;Active/Pending;7500 block of Baltimore Ave
2025-00069660;03/22/2025 12:00:00;03/23/2025 - 13:40;Assist Other Agency;CBE;7500 block of Dartmouth Ave
2025-00069958;03/14/2025 18:00:00;03/23/2025 - 20:18;Theft;Investigation Pending;7500 block of Yale Ave
2025-00070338;03/24/2025 08:20:00;03/24/2025 - 08:39;Sex Offense;Arrest;8100 block of Paint Branch Dr
2025-00070830;03/24/2025 19:00:00;03/24/2025 - 19:22;Injured/Sick Person;CBE;Stadium Dr
2025-00070852;03/24/2025 20:33:00;03/24/2025 - 20:33;Injured/Sick Person;CBE;4200 block of Campus Dr
2025-00071091;03/25/2025 01:41:00;03/25/2025 - 01:41;DWI/DUI;Arrest;Adelphi Rd
2025-00071325;03/25/2025 09:10:00;03/25/2025 - 09:14;Injured/Sick Person;CBE;3900 block of Campus Dr
2025-00071346;03/25/2025 09:30:00;03/25/2025 - 09:41;Suspicious Activity;CBE;Lot 3
2025-00071731;03/25/2025 18:59:00;03/25/2025 - 18:59;Assist Other Agency;CBE;4300 block of Knox Rd
2025-00071927;03/25/2025 23:51:00;03/25/2025 - 23:51;DWI/DUI;Arrest;Baltimore Ave
2025-00071969;03/26/2025 01:28:00;03/26/2025 - 01:28;Injured/Sick Person;CBE;8000 block of Hagerstown Dr
2025-00072307;03/20/2025 03:37:00;03/26/2025 - 11:57;Other Incident;CBE;3900 block of Campus Dr
2025-00072412;03/26/2025 15:22:00;03/26/2025 - 15:25;Pedestrian Struck;CBE;Paint Branch Dr
2025-00072528;03/26/2025 09:45:00;03/26/2025 - 17:09;Other Incident;CBE;4200 block of Campus Dr
2025-00072563;03/25/2025 21:00:00;03/26/2025 - 17:29;Assist Other Agency;CBE;7300 block of Baltimore Ave
2025-00073400;03/26/2025 12:02:00;03/27/2025 - 14:36;Identity Theft;Investigation Pending;3400 block of Tulane Dr
2025-00073413;03/27/2025 14:10:00;03/27/2025 - 15:02;Assist Other Agency;CBE;8200 block of Baltimore Ave
2025-00073568;03/27/2025 19:50:00;03/27/2025 - 19:50;Other Incident;CBE;7500 block of Baltimore Ave
2025-00074322;03/28/2025 07:23:00;03/28/2025 - 07:23;Injured/Sick Person;CBE;7600 block of Library Ln
2025-00074376;03/28/2025 07:15:00;03/28/2025 - 08:59;Other Incident;CBE;7500 block of Baltimore Ave
2025-00074584;03/28/2025 14:00:00;03/28/2025 - 16:08;Dept Property Damage/Loss;Active/Pending;7500 block of Baltimore Ave
2025-00074974;03/28/2025 22:55:00;03/28/2025 - 22:55;Suspicious Activity;Investigation Pending;8900 block of Paint Branch Dr
2025-00075184;03/28/2025 23:00:00;03/29/2025 - 01:30;Injured/Sick Person;CBE;8000 block of Hagerstown Dr
2025-00075592;03/28/2025 00:00:00;03/29/2025 - 14:28;Vandalism;Active/Pending;8100 block of Baltimore Ave
2025-00075610;03/19/2025 09:00:00;03/29/2025 - 16:59;Theft;Investigation Pending;Frat 7, Lambda Chi Alpha Fraternity at 7 Fraternity Row
2025-00075652;03/29/2025 19:00:00;03/29/2025 - 19:40;Assist Other Agency;CBE;4200 block of Knox Rd
2025-00076003;03/30/2025 00:29:00;03/30/2025 - 00:29;Injured/Sick Person;CBE;College Ave
2025-00076093;03/30/2025 01:36:00;03/30/2025 - 01:36;Injured/Sick Person;CBE;4500 block of College Ave
2025-00076110;03/30/2025 02:52:00;03/30/2025 - 02:52;Injured/Sick Person;CBE;4200 block of Valley Dr
2025-00076179;03/30/2025 05:13:00;03/30/2025 - 05:13;Injured/Sick Person;CBE;6900 block of Preinkert Dr
2025-00076393;03/30/2025 10:48:00;03/30/2025 - 10:48;DWI/DUI;Arrest;Campus Dr
2025-00076535;03/30/2025 03:30:00;03/30/2025 - 16:35;Injured/Sick Person;CBE;8200 block of Alumni Dr
2025-00076614;03/30/2025 18:14:00;03/30/2025 - 18:18;Injured/Sick Person;CBE;4100 block of Valley Dr
2025-00076804;03/30/2025 22:30:00;03/30/2025 - 22:30;Injured/Sick Person;CBE;Recreation Artificial Turf Field, Turf Field, Turf Fields
2025-00076864;03/30/2025 20:30:00;03/30/2025 - 23:18;Vandalism;Investigation Pending;4000 block of Stadium Dr
2025-00076996;03/29/2025 09:28:00;03/31/2025 - 02:51;Vandalism;Active/Pending;3800 block of Stadium Dr
2025-00077001;03/31/2025 03:12:00;03/31/2025 - 03:22;Injured/Sick Person;CBE;8000 block of La Plata Dr
2025-00077101;03/31/2025 07:16:00;03/31/2025 - 07:16;Injured/Sick Person;CBE;7400 block of Princeton Ave
2025-00077251;03/31/2025 00:00:00;03/31/2025 - 11:05;Other Incident;CBE;7500 block of Baltimore Ave
2025-00077453;03/31/2025 17:30:00;03/31/2025 - 17:48;Emergency Petition;CBE;3900 block of Campus Dr
2025-00077484;03/31/2025 19:10:00;03/31/2025 - 19:31;Fire;CBE;3900 block of Denton Service Ln
2025-00077969;04/01/2025 07:28:00;04/01/2025 - 07:28;Suspicious Activity;CBE;7500 block of Baltimore Ave
2025-00078127;03/29/2025 22:00:00;04/01/2025 - 11:44;Assist Other Agency;CBE;4300 block of Knox Rd
2025-00078130;03/28/2025 18:00:00;04/01/2025 - 12:02;Stolen Motor Vehicle;Arrest;Lot 11b
2025-00078387;04/01/2025 16:42:00;04/01/2025 - 16:42;Other Incident;CBE;7400 block of Baltimore Ave
2025-00078509;04/01/2025 17:12:00;04/01/2025 - 21:03;Theft;Unfounded;Lot 2a
2025-00078623;04/01/2025 23:34:00;04/01/2025 - 23:34;Injured/Sick Person;CBE;4300 block of Knox Rd
2025-00078637;04/01/2025 23:23:00;04/01/2025 - 23:41;Injured/Sick Person;CBE;4200 block of Valley Dr
2025-00078971;04/02/2025 05:45:00;04/02/2025 - 07:37;Injured/Sick Person;CBE;3900 block of Denton Service Ln
2025-00079231;04/02/2025 14:30:00;04/02/2025 - 14:40;Emergency Petition;CBE;3900 block of Denton Service Ln
2025-00079548;04/02/2025 21:00:00;04/02/2025 - 22:05;Injured/Sick Person;CBE;7100 block of Preinkert Dr
2025-00079658;04/03/2025 00:34:00;04/03/2025 - 00:34;DWI/DUI;Arrest;Adelphi Rd
2025-00079989;04/03/2025 08:47:00;04/03/2025 - 08:47;Injured/Sick Person;CBE;Regents Dr
2025-00080046;10/24/2024 15:13:00;04/03/2025 - 10:11;Recovered Stolen Motor Vehicle;Active/Pending;7000 block of 52nd Ave
2025-00080092;04/02/2025 12:00:00;04/03/2025 - 11:28;Theft;Active/Pending;3900 block of Denton Service Ln
2025-00080176;04/03/2025 14:29:00;04/03/2025 - 14:29;Injured/Sick Person;CBE;7300 block of Preinkert Dr
2025-00080328;04/03/2025 18:43:00;04/03/2025 - 18:43;Assist Other Agency;CBE;Baltimore Ave
2025-00080349;04/03/2025 15:00:00;04/03/2025 - 19:04;Theft;Active/Pending;7600 block of Preinkert Dr
2025-00080612;04/04/2025 00:15:00;04/04/2025 - 00:15;Trespassing;CBE;Stanley R. Zupnick Hall at 8184 Paint Branch Dr
2025-00080744;04/04/2025 02:13:00;04/04/2025 - 02:16;Trespassing;CBE;8100 block of Regents Dr
2025-00081086;03/31/2025 07:20:00;04/04/2025 - 09:54;Dept Property Damage/Loss;Active/Pending;7500 block of Baltimore Ave
2025-00081115;04/04/2025 10:48:00;04/04/2025 - 10:48;Suspicious Person/Auto;CBE;7600 block of Baltimore Ave
2025-00081140;04/04/2025 11:45:00;04/04/2025 - 11:49;Injured/Sick Person;CBE;4400 block of Rossborough Ln
2025-00081626;04/04/2025 22:30:00;04/04/2025 - 23:34;Damage to State Property;Unfounded;7000 block of Preinkert Dr
2025-00081667;04/05/2025 00:38:00;04/05/2025 - 00:38;Emergency Petition;CBE;7500 block of Regents Dr
2025-00081673;04/05/2025 00:40:00;04/05/2025 - 00:49;Injured/Sick Person;CBE;4300 block of Knox Rd
2025-00081687;04/05/2025 01:20:00;04/05/2025 - 01:20;Trespassing;CBE;3400 block of Tulane Dr
2025-00081792;04/05/2025 00:38:00;04/05/2025 - 03:38;Suspicious Person/Auto;Active/Pending;7500 block of Regents Dr
2025-00082119;04/04/2025 16:00:00;04/05/2025 - 13:33;Assist Other Agency;Active/Pending;4200 block of Knox Rd
2025-00082756;04/06/2025 03:15:00;04/06/2025 - 03:15;DWI/DUI;Arrest;University Blvd
2025-00082991;04/06/2025 12:55:00;04/06/2025 - 12:58;Injured/Sick Person;CBE;Knox Rd
2025-00083163;04/06/2025 16:05:00;04/06/2025 - 16:54;Assist Other Agency;CBE;5000 block of Berwyn Rd
2025-00083754;04/07/2025 09:46:00;04/07/2025 - 09:46;Warrant/Summons Service;Arrest;4200 block of Valley Dr
2025-00083861;04/03/2025 07:00:00;04/07/2025 - 13:43;Theft;Investigation Pending;4100 block of Stadium Dr
2025-00083884;04/04/2025 01:30:00;04/07/2025 - 15:51;Suspicious Activity;CBE;4000 block of Stadium Dr
2025-00083966;10/29/2024 16:15:00;04/07/2025 - 16:46;Fraud;Summons Issued;7800 block of Regents Dr
2025-00084036;10/08/2024 16:52:00;04/07/2025 - 20:26;Fraud;CBE;4100 block of Valley Dr
2025-00084037;10/14/2024 17:50:00;04/07/2025 - 20:27;Assist Other Agency;CBE;7300 block of Baltimore Ave
2025-00084067;04/07/2025 20:00:00;04/07/2025 - 21:23;Vandalism;Investigation Pending;8100 block of La Plata Dr
2025-00084331;04/08/2025 01:58:00;04/08/2025 - 02:01;Theft;Investigation Pending;3400 block of Tulane Dr
2025-00084478;04/08/2025 08:31:00;04/08/2025 - 08:31;Other Incident;CBE;4200 block of Lehigh Rd
2025-00084553;04/03/2025 20:25:00;04/08/2025 - 10:30;Theft;Investigation Pending;8200 block of Paint Branch Dr
2025-00084671;04/08/2025 15:33:00;04/08/2025 - 15:33;Emergency Petition;CBE;4200 block of Chapel Ln
2025-00085088;04/08/2025 23:59:00;04/08/2025 - 23:59;DWI/DUI;Arrest;University Blvd
2025-00085391;04/09/2025 12:21:00;04/09/2025 - 12:24;Fire;CBE;3900 block of Campus Dr
2025-00085451;04/09/2025 15:08:00;04/09/2025 - 15:08;Injured/Sick Person;CBE;3900 block of Campus Dr
2025-00085704;04/09/2025 20:00:00;04/09/2025 - 20:49;Damage to State Property;Active/Pending;8100 block of La Plata Dr
2025-00085722;04/09/2025 21:44:00;04/09/2025 - 21:44;Injured/Sick Person;CBE;3900 block of Campus Dr
2025-00086199;04/10/2025 09:27:00;04/10/2025 - 09:27;Other Incident;CBE;3900 block of Campus Dr
2025-00086259;04/10/2025 09:30:00;04/10/2025 - 11:57;Telephone/EMail Misuse;CBE;4200 block of Fieldhouse Dr
2025-00086517;04/10/2025 20:39:00;04/10/2025 - 20:39;Injured/Sick Person;Active/Pending;3900 block of Campus Dr
2025-00086523;04/10/2025 20:35:00;04/10/2025 - 20:45;Theft;Active/Pending;7000 block of Preinkert Dr
2025-00086524;04/10/2025 20:47:00;04/10/2025 - 20:47;Injured/Sick Person;CBE;4100 block of Valley Dr
2025-00086525;04/10/2025 18:50:00;04/10/2025 - 20:49;Theft;Arrest;4200 block of Valley Dr
2025-00086757;04/10/2025 23:45:00;04/10/2025 - 23:52;Domestic;CBE;7300 block of Preinkert Dr
2025-00087342;04/11/2025 15:41:00;04/11/2025 - 15:41;Injured/Sick Person;CBE;4100 block of Campus Dr
2025-00087720;04/11/2025 23:31:00;04/11/2025 - 23:31;DWI/DUI;Arrest;University Blvd
2025-00087817;04/12/2025 01:31:00;04/12/2025 - 01:31;Assist Other Agency;CBE;Knox Rd
2025-00087819;04/12/2025 01:36:00;04/12/2025 - 01:36;CDS Violation;Arrest;7500 block of Mowatt Ln
2025-00087823;04/12/2025 02:26:00;04/12/2025 - 02:26;Disorderly Conduct;Arrest;3900 block of Denton Service Ln
2025-00088127;04/12/2025 17:09:00;04/12/2025 - 17:09;CDS Violation;Arrest;4300 block of Campus Dr
2025-00088131;04/12/2025 17:44:00;04/12/2025 - 19:14;Other Incident;CBE;3400 block of Tulane Dr
2025-00088311;04/13/2025 01:03:00;04/13/2025 - 01:03;DWI/DUI;Arrest;Campus Dr
2025-00088477;04/13/2025 02:14:00;04/13/2025 - 02:14;Injured/Sick Person;CBE;7000 block of Preinkert Dr
2025-00088597;04/12/2025 21:10:00;04/13/2025 - 06:17;Vandalism;Investigation Pending;7900 block of Regents Dr
2025-00088755;04/13/2025 11:56:00;04/13/2025 - 11:56;Assist Other Agency;CBE;4200 block of Knox Rd
2025-00088914;04/12/2025 17:00:00;04/13/2025 - 16:58;Other Incident;CBE;7500 block of Mowatt Ln
2025-00089054;04/13/2025 20:41:00;04/13/2025 - 20:41;DWI/DUI;Arrest;Adelphi Rd
2025-00089366;04/14/2025 05:13:00;04/14/2025 - 05:13;Injured/Sick Person;CBE;7600 block of Library Ln
2025-00089554;04/05/2025 14:30:00;04/14/2025 - 13:33;Vehicle Tampering;Investigation Pending;7500 block of Mowatt Ln
2025-00089684;04/11/2025 10:15:00;04/14/2025 - 17:31;Theft;Investigation Pending;4200 block of Lehigh Rd
2025-00090363;04/10/2025 10:55:00;04/15/2025 - 10:36;Theft;Investigation Pending;7600 block of Mowatt Ln
2025-00090428;04/15/2025 12:32:00;04/15/2025 - 12:32;Assist Other Agency;CBE;909 at 8204 Baltimore Ave
2025-00090443;04/15/2025 15:01:00;04/15/2025 - 15:01;Injured/Sick Person;CBE;3900 block of Denton Service Ln
2025-00091138;04/16/2025 07:00:00;04/16/2025 - 07:05;Assist Other Agency;CBE;8100 block of Baltimore Ave
2025-00091284;04/12/2025 22:30:00;04/16/2025 - 10:17;Vandalism;Arrest;4100 block of Union Ln
2025-00091420;04/16/2025 13:45:00;04/16/2025 - 13:45;Recovered Stolen Property;Arrest;4300 block of Campus Dr
2025-00091566;04/16/2025 12:40:00;04/16/2025 - 17:10;Assault;Unfounded;4100 block of Campus Dr
2025-00091610;04/16/2025 15:00:00;04/16/2025 - 17:41;Theft;Summons Issued;4100 block of Union Ln
2025-00091680;01/01/2023 00:00:00;04/16/2025 - 20:31;Identity Theft;CBE;15000 block of Ridge Chase Ct
2025-00091837;04/16/2025 23:58:00;04/17/2025 - 00:04;Injured/Sick Person;CBE;4000 block of Stadium Dr
2025-00092001;04/17/2025 03:37:00;04/17/2025 - 03:37;Assist Other Agency;Active/Pending;7400 block of Dartmouth Ave
2025-00092030;04/15/2025 14:00:00;04/17/2025 - 04:35;Fraud;Investigation Pending;3900 block of Campus Dr
2025-00092328;04/17/2025 16:50:00;04/17/2025 - 16:50;Trespassing;CBE;8000 block of La Plata Dr
2025-00092336;04/17/2025 17:30:00;04/17/2025 - 17:37;Trespassing;CBE;8000 block of La Plata Dr
2025-00092374;04/17/2025 09:59:00;04/17/2025 - 18:27;Fraud;Summons Issued;4200 block of Valley Dr
2025-00092382;04/16/2025 16:30:00;04/17/2025 - 19:01;Theft;Summons Issued;4100 block of Valley Dr
2025-00092740;04/18/2025 03:03:00;04/18/2025 - 03:03;Injured/Sick Person;CBE;8000 block of La Plata Dr
2025-00093059;04/18/2025 09:10:00;04/18/2025 - 09:20;Damage to State Property;CBE;Frat 5, Phi Kappa Tau Fraternity at 5 Fraternity Row
2025-00093173;04/18/2025 11:33:00;04/18/2025 - 12:04;Extortion;CBE;7000 block of Preinkert Dr
2025-00093187;04/18/2025 12:30:00;04/18/2025 - 12:39;Emergency Petition;CBE;4200 block of Chapel Ln
2025-00093198;04/18/2025 13:20:00;04/18/2025 - 13:35;Injured/Sick Person;CBE;4300 block of Knox Rd
2025-00093203;04/18/2025 13:40:00;04/18/2025 - 13:44;Suspicious Activity;CBE;Frat Row
2025-00093217;04/18/2025 14:47:00;04/18/2025 - 15:40;Assist Other Agency;Unfounded;9600 Gudelseky Dr
2025-00093443;04/18/2025 19:30:00;04/18/2025 - 19:35;Injured/Sick Person;CBE;Capital One Field, Football Stadium, SECU Stadium
2025-00093562;04/18/2025 21:34:00;04/18/2025 - 21:48;Theft;Investigation Pending;4100 block of Stadium Dr
2025-00093698;04/19/2025 00:31:00;04/19/2025 - 00:31;Assist Other Agency;CBE;4200 block of Knox Rd
2025-00093853;04/19/2025 04:04:00;04/19/2025 - 04:04;Suspicious Activity;CBE;4200 block of Knox Rd
2025-00093875;04/19/2025 05:28:00;04/19/2025 - 05:28;DWI/DUI;Arrest;8600 block of Baltimore Ave
2025-00094424;04/19/2025 15:50:00;04/19/2025 - 19:56;Emergency Petition;CBE;3900 block of Denton Service Ln
2025-00094448;04/19/2025 21:58:00;04/19/2025 - 21:58;Injured/Sick Person;CBE;Baltimore Ave
2025-00094670;04/20/2025 01:09:00;04/20/2025 - 01:09;DWI/DUI;Arrest;University Blvd
2025-00094724;04/20/2025 02:00:00;04/20/2025 - 02:00;Injured/Sick Person;CBE;4400 block of Lehigh Rd
2025-00094748;04/20/2025 04:03:00;04/20/2025 - 04:03;Emergency Petition;CBE;3900 block of Campus Dr
2025-00094806;04/20/2025 06:18:00;04/20/2025 - 06:57;Injured/Sick Person;CBE;6800 block of Preinkert Dr
2025-00095682;04/21/2025 06:16:00;04/21/2025 - 06:16;Injured/Sick Person;CBE;4100 block of Stadium Dr
2025-00095828;04/21/2025 08:58:00;04/21/2025 - 09:55;Dept Property Damage/Loss;CBE;I-495/exit 22
2025-00095896;04/17/2025 09:10:00;04/21/2025 - 11:31;Theft;Investigation Pending;8000 block of Regents Dr
2025-00095938;08/09/2024 12:00:00;04/21/2025 - 13:47;Theft;Investigation Pending;8100 block of Paint Branch Dr
2025-00095953;04/21/2025 15:24:00;04/21/2025 - 15:24;Damage to State Property;CBE;Lot W
2025-00096125;04/21/2025 09:00:00;04/21/2025 - 18:51;Theft;Investigation Pending;Frat 5, Phi Kappa Tau Fraternity at 5 Fraternity Row
2025-00096190;04/21/2025 21:01:00;04/21/2025 - 21:01;Injured/Sick Person;CBE;7500 block of Yale Ave
2025-00096546;04/22/2025 03:50:00;04/22/2025 - 08:41;Damaged Property;Unfounded;8000 block of Regents Dr
2025-00096793;04/22/2025 16:17:00;04/22/2025 - 16:17;Emergency Petition;CBE;4300 block of Knox Rd
2025-00096827;04/22/2025 17:45:00;04/22/2025 - 17:45;Other Incident;CBE;4100 block of Valley Dr
2025-00096942;04/22/2025 21:00:00;04/22/2025 - 21:08;Assist Other Agency;CBE;8100 block of Paint Branch Dr
2025-00097056;04/22/2025 23:25:00;04/22/2025 - 23:28;Warrant/Summons Service;Arrest;Campus Dr
2025-00097526;10/01/2024 12:00:00;04/23/2025 - 15:05;Other Incident;CBE;7400 block of Preinkert Dr
2025-00097535;04/10/2025 18:38:00;04/23/2025 - 15:30;Vehicle Tampering;Arrest;Lot SS1
2025-00097620;04/23/2025 17:03:00;04/23/2025 - 17:03;Emergency Petition;CBE;3800 block of Stadium Dr
2025-00097621;04/23/2025 17:04:00;04/23/2025 - 17:04;Injured/Sick Person;CBE;Lot 1b
2025-00097658;04/23/2025 18:00:00;04/23/2025 - 18:16;Assist Other Agency;CBE;8700 block of Baltimore Ave
2025-00098080;04/24/2025 06:39:00;04/24/2025 - 06:39;Assist Other Agency;CBE;I95 N/b After Ft. Mchenry Tunnel (exit 53)
2025-00098155;04/24/2025 08:29:00;04/24/2025 - 09:29;Injured/Sick Person;CBE;8200 block of Paint Branch Dr
2025-00098233;04/24/2025 11:56:00;04/24/2025 - 11:56;Recovered Stolen Motor Vehicle;Arrest;University Blvd
2025-00098269;04/20/2025 21:40:00;04/24/2025 - 16:07;Assist Other Agency;Active/Pending;8100 block of Baltimore Ave
2025-00098272;04/23/2025 16:00:00;04/24/2025 - 16:47;Theft;Investigation Pending;4100 block of Stadium Dr
2025-00098347;04/24/2025 18:37:00;04/24/2025 - 21:35;Injured/Sick Person;CBE;300 block of Ehrensberger Dr
2025-00098368;04/24/2025 22:30:00;04/24/2025 - 22:30;Injured/Sick Person;CBE;3900 block of Denton Service Ln
2025-00098409;04/24/2025 23:00:00;04/24/2025 - 23:05;Assist Other Agency;CBE;Rhode Island Ave
2025-00098457;04/25/2025 01:45:00;04/25/2025 - 02:05;Injured/Sick Person;CBE;4200 block of Valley Dr
2025-00098684;04/25/2025 04:17:00;04/25/2025 - 07:34;Theft;Active/Pending;4400 block of Lehigh Rd
2025-00098732;02/27/2025 00:00:00;04/25/2025 - 09:09;Identity Theft;CBE;3500 block of University Blvd
2025-00098890;04/25/2025 11:39:00;04/25/2025 - 11:39;Recovered Stolen Property;Arrest;7500 block of Mowatt Ln
2025-00098893;04/25/2025 12:30:00;04/25/2025 - 12:30;Indecent Exposure;Arrest;4200 block of Farm Dr
2025-00099162;03/14/2025 13:39:00;04/25/2025 - 17:40;Fraud;CBE;4200 block of Stadium Dr
2025-00099163;04/25/2025 18:09:00;04/25/2025 - 18:09;Injured/Sick Person;CBE;3800 block of Golf Course Rd
2025-00099225;04/18/2025 14:00:00;04/25/2025 - 19:35;Stolen Motor Vehicle;Arrest;7600 block of Regents Dr
2025-00099236;04/25/2025 18:00:00;04/25/2025 - 19:58;Injured/Sick Person;CBE;7800 block of Alumni Dr
2025-00099247;04/25/2025 19:30:00;04/25/2025 - 20:24;Fire;CBE;4000 block of Fieldhouse Dr
2025-00099271;04/25/2025 20:30:00;04/25/2025 - 22:12;Vandalism;Investigation Pending;4200 block of Farm Dr
2025-00099368;04/25/2025 23:41:00;04/25/2025 - 23:41;Injured/Sick Person;CBE;7500 block of Regents Dr
2025-00099506;04/26/2025 01:50:00;04/26/2025 - 02:02;Injured/Sick Person;CBE;Rhode Island Ave
2025-00099695;04/26/2025 11:30:00;04/26/2025 - 11:38;Other Incident;CBE;McKeldin Mall
2025-00099699;04/26/2025 11:49:00;04/26/2025 - 11:49;Trespassing;Arrest;Capital One Field, Football Stadium, SECU Stadium
2025-00099965;04/23/2025 08:30:00;04/26/2025 - 17:46;Dept Property Damage/Loss;CBE;5200 block of Greenbelt Rd
2025-00100182;04/26/2025 23:35:00;04/26/2025 - 23:35;DWI/DUI;Arrest;Adelphi Rd
2025-00100265;04/27/2025 01:42:00;04/27/2025 - 01:42;DWI/DUI;Arrest;Baltimore Ave
2025-00100382;04/27/2025 08:53:00;04/27/2025 - 08:58;Assist Other Agency;CBE;7400 block of Baltimore Ave
2025-00100722;04/27/2025 16:31:00;04/27/2025 - 16:31;Warrant/Summons Service;Arrest;Baltimore Ave
2025-00100811;04/27/2025 18:38:00;04/27/2025 - 18:38;Suspicious Activity;CBE;4700 block of Rossborough Ln
2025-00101403;04/28/2025 09:00:00;04/28/2025 - 09:12;Injured/Sick Person;CBE;300 block of Ehrensberger Dr
2025-00101651;04/28/2025 13:12:00;04/28/2025 - 13:13;Assist Other Agency;CBE;Rhode Island Ave
2025-00101817;04/28/2025 17:14:00;04/28/2025 - 17:14;Injured/Sick Person;CBE;8200 block of Alumni Dr
2025-00101838;04/28/2025 18:05:00;04/28/2025 - 18:05;Assist Other Agency;CBE;4900 block of Lakeland Rd
2025-00101864;04/28/2025 16:00:00;04/28/2025 - 18:49;Theft;Investigation Pending;4100 block of Valley Dr
2025-00101901;04/28/2025 20:33:00;04/28/2025 - 20:33;Assist Other Agency;CBE;8100 block of 48th Ave
2025-00101945;04/28/2025 22:31:00;04/28/2025 - 22:31;Assist Other Agency;CBE;Calvert Rd
2025-00101957;04/28/2025 21:00:00;04/28/2025 - 23:13;Theft;Unfounded;3900 block of Campus Dr
2025-00102615;04/29/2025 14:20:00;04/29/2025 - 14:20;Injured/Sick Person;CBE;3900 block of Campus Dr
2025-00102618;04/29/2025 13:45:00;04/29/2025 - 14:30;Theft;Investigation Pending;3900 block of Campus Dr
2025-00102932;04/29/2025 22:50:00;04/29/2025 - 22:50;Alarm;CBE;4100 block of Stadium Dr
2025-00103112;04/30/2025 02:12:00;04/30/2025 - 02:12;Assist Other Agency;CBE;4300 block of Knox Rd
2025-00103152;04/30/2025 03:18:00;04/30/2025 - 03:18;Assist Other Agency;CBE;4300 block of Hartwick Rd
2025-00103289;04/30/2025 09:11:00;04/30/2025 - 09:11;Injured/Sick Person;CBE;4000 block of Stadium Dr
2025-00103312;04/30/2025 09:26:00;04/30/2025 - 09:26;Emergency Petition;CBE;3900 block of Denton Service Ln
2025-00103632;04/29/2025 20:00:00;04/30/2025 - 16:32;Suspicious Activity;CBE;8600 block of Boteler Ln
2025-00103935;05/01/2025 00:16:00;05/01/2025 - 00:16;Suspicious Person/Auto;CBE;8100 block of Boteler Ln
2025-00103968;05/01/2025 01:14:00;05/01/2025 - 01:14;DWI/DUI;Arrest;University Blvd
2025-00104283;05/01/2025 11:05:00;05/01/2025 - 11:05;Injured/Sick Person;CBE;4100 block of Valley Dr
2025-00104308;05/01/2025 11:57:00;05/01/2025 - 11:57;Emergency Petition;CBE;7800 block of Regents Dr
2025-00104311;04/30/2025 15:00:00;05/01/2025 - 13:08;Suspicious Activity;CBE;4100 block of Stadium Dr
2025-00104347;05/01/2025 17:14:00;05/01/2025 - 17:14;Suspicious Activity;CBE;4300 block of Rowalt Dr
2025-00104439;04/29/2025 10:32:00;05/01/2025 - 19:43;Theft;Summons Issued;4200 block of Farm Dr
2025-00104486;04/22/2025 08:30:00;05/01/2025 - 22:24;Injured Officer;CBE;7500 block of Baltimore Ave
2025-00104999;04/20/2025 12:00:00;05/02/2025 - 08:03;Assist Other Agency;CBE;7500 block of Baltimore Ave
2025-00105141;05/02/2025 10:47:00;05/02/2025 - 10:47;Found/Recovered Property;CBE;8500 block of Boteler Ln
2025-00105604;05/02/2025 20:42:00;05/02/2025 - 20:53;Theft;Arrest;4100 block of Stadium Dr
2025-00105675;05/02/2025 22:34:00;05/02/2025 - 23:44;Trespassing;CBE;5100 block of Campus Dr
2025-00105793;05/03/2025 03:22:00;05/03/2025 - 03:27;Theft;CBE;LaPlata Beach
2025-00105875;05/03/2025 07:25:00;05/03/2025 - 07:29;Suspicious Activity;CBE;UMGC Hotel at 348 Ehrensberger Dr
2025-00105999;05/03/2025 03:30:00;05/03/2025 - 11:48;Other Incident;Investigation Pending;8000 block of Hagerstown Dr
2025-00106065;05/03/2025 14:25:00;05/03/2025 - 14:29;Injured/Sick Person;CBE;Stadium Dr
2025-00106071;04/28/2025 13:30:00;05/03/2025 - 14:49;Theft;Investigation Pending;8200 block of Paint Branch Dr
2025-00106278;05/03/2025 19:30:00;05/03/2025 - 22:14;Vandalism;Investigation Pending;7800 block of Alumni Dr
2025-00106317;05/03/2025 22:53:00;05/03/2025 - 22:53;Injured/Sick Person;CBE;815 at 7401 Baltimore Ave
2025-00106359;05/03/2025 23:34:00;05/03/2025 - 23:34;DWI/DUI;Arrest;University Blvd
2025-00106385;05/04/2025 00:00:00;05/04/2025 - 00:13;Injured/Sick Person;CBE;6900 block of Preinkert Dr
2025-00106430;05/04/2025 01:56:00;05/04/2025 - 01:56;Injured/Sick Person;CBE;6901 Preinkert Ct
2025-00106457;05/04/2025 02:50:00;05/04/2025 - 02:58;Injured/Sick Person;CBE;7700 block of Alumni Dr
2025-00107111;05/04/2025 19:50:00;05/04/2025 - 19:50;Recovered Stolen Motor Vehicle;Arrest;Metzerott Rd
2025-00107118;05/04/2025 20:40:00;05/04/2025 - 20:40;Disorderly Conduct;Arrest;3800 block of Stadium Dr
2025-00107590;05/01/2025 10:30:00;05/05/2025 - 11:01;Theft;Summons Issued;4100 block of Stadium Dr
2025-00107692;05/05/2025 13:51:00;05/05/2025 - 13:50;Injured/Sick Person;CBE;5800 block of University Research Ct
2025-00108026;05/05/2025 20:28:00;05/05/2025 - 20:28;Recovered Stolen Property;Summons Issued;4300 block of Campus Dr
2025-00108070;05/05/2025 22:20:00;05/05/2025 - 22:22;Injured/Sick Person;CBE;3800 block of Stadium Dr
2025-00108443;05/06/2025 09:15:00;05/06/2025 - 09:58;Assist Other Agency;CBE;7300 block of Baltimore Ave
2025-00108490;05/06/2025 11:55:00;05/06/2025 - 11:55;Injured/Sick Person;CBE;4600 block of Knox Rd
2025-00108500;05/06/2025 12:15:00;05/06/2025 - 12:49;Injured/Sick Person;CBE;7300 block of Preinkert Dr
2025-00108882;05/06/2025 21:49:00;05/06/2025 - 21:49;Vandalism;Active/Pending;McKeldin Mall
2025-00108912;05/06/2025 23:29:00;05/06/2025 - 23:30;Assault;Arrest;Knox Rd
2025-00109085;05/07/2025 02:45:00;05/07/2025 - 02:50;Injured/Sick Person;CBE;Paint Branch Dr
2025-00109272;05/07/2025 09:48:00;05/07/2025 - 09:48;Damage to State Property;CBE;4100 block of Campus Dr
2025-00109281;05/07/2025 10:54:00;05/07/2025 - 10:54;Hazardous Condition;CBE;4600 block of Norwich Rd
2025-00109357;05/07/2025 09:00:00;05/07/2025 - 12:54;Theft;Active/Pending;7000 block of Preinkert Dr
2025-00109382;05/07/2025 14:10:00;05/07/2025 - 14:58;Injured/Sick Person;CBE;3900 block of Campus Dr
2025-00109386;05/07/2025 15:55:00;05/07/2025 - 15:55;Emergency Petition;Active/Pending;7000 block of Preinkert Dr
2025-00109409;05/07/2025 13:00:00;05/07/2025 - 16:16;Damage to State Property;CBE;4100 block of Campus Dr
2025-00109421;05/06/2025 22:00:00;05/07/2025 - 17:22;Emergency Petition;CBE;3800 block of Stadium Dr
2025-00109423;05/07/2025 08:21:00;05/07/2025 - 17:35;Fraud;Investigation Pending;4200 block of Valley Dr
2025-00109468;05/07/2025 20:10:00;05/07/2025 - 20:19;Injured/Sick Person;CBE;3700 block of Campus Dr
2025-00109568;05/06/2025 22:00:00;05/07/2025 - 22:55;Vandalism;Investigation Pending;3900 block of Denton Service Ln
2025-00110135;05/08/2025 03:55:00;05/08/2025 - 15:23;Burglary;Arrest;4100 block of Campus Dr
2025-00110145;05/08/2025 16:15:00;05/08/2025 - 16:22;Injured/Sick Person;CBE;4000 block of Stadium Dr
2025-00110161;05/08/2025 17:34:00;05/08/2025 - 17:34;Injured/Sick Person;CBE;4100 block of Campus Dr
2025-00110178;05/08/2025 17:40:00;05/08/2025 - 17:47;Injured/Sick Person;CBE;4100 block of Valley Dr
2025-00110214;05/08/2025 18:15:00;05/08/2025 - 18:24;Emergency Petition;CBE;4200 block of Chapel Ln
2025-00110346;05/08/2025 22:15:00;05/08/2025 - 22:15;CDS Violation;CBE;8100 block of La Plata Dr
2025-00110470;05/09/2025 00:30:00;05/09/2025 - 00:35;Injured/Sick Person;CBE;7400 block of Baltimore Ave
2025-00110472;05/09/2025 00:31:00;05/09/2025 - 00:44;Emergency Petition;CBE;4300 block of Knox Rd
2025-00110722;05/09/2025 03:15:00;05/09/2025 - 03:40;Vandalism;Investigation Pending;4200 block of Farm Dr
2025-00111706;05/10/2025 00:22:00;05/10/2025 - 00:22;Injured/Sick Person;CBE;7300 block of Baltimore Ave
2025-00111718;05/10/2025 00:00:00;05/10/2025 - 00:27;Injured/Sick Person;CBE;7800 block of Alumni Dr
2025-00111765;05/10/2025 01:13:00;05/10/2025 - 01:13;Injured/Sick Person;Active/Pending;7500 block of Regents Dr
2025-00111802;05/10/2025 02:05:00;05/10/2025 - 02:05;Assist Other Agency;CBE;7400 block of Baltimore Ave
2025-00111804;05/10/2025 02:15:00;05/10/2025 - 02:15;Suspicious Person/Auto;CBE;6900 block of Preinkert Dr
2025-00111812;05/10/2025 03:12:00;05/10/2025 - 03:12;Suspicious Person/Auto;CBE;3900 block of Campus Dr
2025-00112242;05/10/2025 14:51:00;05/10/2025 - 14:51;Recovered Stolen Motor Vehicle;CBE;7200 block of Baltimore Ave
2025-00112267;05/10/2025 17:09:00;05/10/2025 - 17:09;Assist Other Agency;CBE;College Ave
2025-00112541;05/01/2025 22:42:00;05/10/2025 - 22:42;Injured/Sick Person;CBE;7300 block of Baltimore Ave
2025-00112690;05/11/2025 00:21:00;05/11/2025 - 00:21;Weapon Violation;CBE;Baltimore Ave
2025-00112730;05/11/2025 01:59:00;05/11/2025 - 01:59;Injured/Sick Person;CBE;7000 block of Preinkert Dr
2025-00112736;05/11/2025 02:00:00;05/11/2025 - 02:13;Injured/Sick Person;CBE;4500 block of Knox Rd
2025-00112744;05/11/2025 03:23:00;05/11/2025 - 03:23;DWI/DUI;Arrest;8100 block of Baltimore Ave
2025-00112800;05/11/2025 04:54:00;05/11/2025 - 04:54;Injured/Sick Person;CBE;7000 block of Preinkert Dr
2025-00112807;05/10/2025 05:48:00;05/11/2025 - 05:48;Vandalism;Investigation Pending;7500 block of Mowatt Ln
2025-00113526;05/12/2025 00:00:00;05/12/2025 - 00:00;Recovered Stolen Motor Vehicle;Active/Pending;7200 block of Baltimore Ave
2025-00113606;05/12/2025 02:35:00;05/12/2025 - 02:35;DWI/DUI;Arrest;University Blvd
2025-00113851;05/08/2025 14:00:00;05/12/2025 - 09:59;Other Incident;CBE;4100 block of Library Ln
2025-00113993;04/30/2025 19:30:00;05/12/2025 - 13:45;Theft;Investigation Pending;4100 block of Library Ln
2025-00114023;05/08/2025 21:00:00;05/12/2025 - 15:10;Theft;Investigation Pending;4200 block of Lehigh Rd
2025-00114168;05/11/2025 20:00:00;05/12/2025 - 16:17;Theft;Investigation Pending;7600 block of Library Ln
2025-00114211;05/12/2025 16:45:00;05/12/2025 - 16:45;Injured/Sick Person;CBE;3900 block of Campus Dr
2025-00114253;05/12/2025 16:00:00;05/12/2025 - 17:27;Assist Other Agency;CBE;7300 block of Baltimore Ave
2025-00114264;05/11/2025 19:00:00;05/12/2025 - 17:36;Emergency Petition;CBE;4200 block of Chapel Ln
2025-00115016;05/13/2025 08:10:00;05/13/2025 - 09:17;Threat Assessment;Active/Pending;7900 block of Regents Dr
2025-00115072;04/13/2025 14:00:00;05/13/2025 - 11:04;Theft;Investigation Pending;4100 block of Stadium Dr
2025-00115091;05/13/2025 11:20:00;05/13/2025 - 11:33;Assault;CBE;4200 block of Farm Dr
2025-00115094;05/11/2025 08:05:00;05/13/2025 - 12:03;Theft;Active/Pending;300 block of Ehrensberger Dr
2025-00115101;05/13/2025 12:29:00;05/13/2025 - 12:29;Other Incident;CBE;8200 block of Paint Branch Dr
2025-00115152;05/13/2025 15:20:00;05/13/2025 - 15:27;Other Incident;CBE;7500 block of Regents Dr
2025-00115392;05/13/2025 22:30:00;05/13/2025 - 22:49;Assist Other Agency;CBE;8100 block of Baltimore Ave
2025-00115573;05/14/2025 03:19:00;05/14/2025 - 03:19;Injured/Sick Person;CBE;7600 block of Regents Dr
2025-00115886;05/08/2025 21:00:00;05/14/2025 - 12:33;Theft;Investigation Pending;4100 block of Library Ln
2025-00115893;04/28/2025 16:00:00;05/14/2025 - 12:46;Injured Officer;CBE;7100 block of 51st Ave
2025-00115958;05/14/2025 16:04:00;05/14/2025 - 16:04;Emergency Petition;Active/Pending;4200 block of Chapel Ln
2025-00115991;05/14/2025 16:29:00;05/14/2025 - 17:16;Vandalism;Active/Pending;7500 block of Calvert Service Ln
2025-00116044;05/14/2025 16:40:00;05/14/2025 - 18:36;Assist Other Agency;CBE;8300 block of Baltimore Ave
2025-00116082;05/14/2025 20:12:00;05/14/2025 - 20:12;CDS Violation;Active/Pending;7500 block of Regents Dr
2025-00116480;05/14/2025 17:00:00;05/15/2025 - 07:55;Other Incident;Active/Pending;4100 block of Campus Dr
2025-00116731;05/01/2025 18:00:00;05/15/2025 - 15:07;Threat Assessment;Active/Pending;4200 block of Chapel Ln
2025-00116917;03/01/2025 00:00:00;05/15/2025 - 19:54;Theft;Active/Pending;3900 block of Denton Service Ln
2025-00116996;05/15/2025 23:23:00;05/15/2025 - 23:23;Assist Other Agency;CBE;8100 block of Baltimore Ave
2025-00117064;05/16/2025 00:01:00;05/16/2025 - 00:01;Trespassing;CBE;Stanley R. Zupnick Hall at 8184 Paint Branch Dr
2025-00117072;05/16/2025 00:20:00;05/16/2025 - 00:20;DWI/DUI;Arrest;University Blvd
2025-00117074;05/16/2025 00:19:00;05/16/2025 - 00:21;Vandalism;Active/Pending;7500 block of Mowatt Ln
2025-00117444;05/15/2025 17:00:00;05/16/2025 - 07:55;Other Incident;Active/Pending;4100 block of Campus Dr
2025-00117598;05/16/2025 10:30:00;05/16/2025 - 10:34;Emergency Petition;CBE;8000 block of Regents Dr
2025-00117614;04/21/2025 13:45:00;05/16/2025 - 12:19;Theft;Arrest;8200 block of Paint Branch Dr
2025-00117888;05/16/2025 19:22:00;05/16/2025 - 19:22;Injured/Sick Person;CBE;Lot Y
2025-00117891;05/16/2025 19:33:00;05/16/2025 - 19:33;Check on the  Welfare;CBE;University Blvd
2025-00118007;05/06/2025 16:39:00;05/16/2025 - 21:58;Other Incident;CBE;4000 block of Stadium Dr
2025-00118198;05/17/2025 01:34:00;05/17/2025 - 01:34;Injured/Sick Person;CBE;Kung Fu Tea, Pho Thom, Ritchie's Columbian at 7313 Baltimore Ave
2025-00118671;04/15/2025 10:00:00;05/17/2025 - 11:47;Theft;Investigation Pending;7000 block of Preinkert Dr
2025-00118730;05/17/2025 14:41:00;05/17/2025 - 14:41;Injured/Sick Person;CBE;4100 block of Fieldhouse Dr
2025-00118941;05/16/2025 00:00:00;05/17/2025 - 20:20;Vandalism;Investigation Pending;4000 block of Stadium Dr
2025-00119012;05/17/2025 22:48:00;05/17/2025 - 22:48;Injured/Sick Person;CBE;7400 block of Baltimore Ave
2025-00119201;05/18/2025 01:53:00;05/18/2025 - 01:53;DWI/DUI;Arrest;University Blvd
2025-00119202;05/18/2025 01:55:00;05/18/2025 - 01:55;DWI/DUI;Arrest;Baltimore Ave
2025-00119672;03/27/2025 00:00:00;05/18/2025 - 16:10;Sex Offense;Unfounded;8000 block of Hagerstown Dr
2025-00119754;05/16/2025 12:00:00;05/18/2025 - 19:10;Theft;Investigation Pending;8000 block of Hagerstown Dr
2025-00119783;05/17/2025 13:20:00;05/18/2025 - 20:30;Theft;Active/Pending;4100 block of Campus Dr
2025-00119966;05/18/2025 23:53:00;05/18/2025 - 23:53;DWI/DUI;Arrest;8900 block of Rhode Island Ave
2025-00120066;05/18/2025 22:00:00;05/19/2025 - 01:54;Vandalism;Investigation Pending;4200 block of Farm Dr
2025-00120365;05/18/2025 10:00:00;05/19/2025 - 09:20;Theft;Investigation Pending;4600 block of Rossborough Ln
2025-00103454;05/17/2025 12:00:00;05/19/2025 - 14:21;Theft;Active/Pending;4300 block of Chapel Ln
2025-00103455;05/19/2025 08:00:00;05/19/2025 - 14:33;Theft;Active/Pending;Lot 1b
2025-00103456;05/19/2025 14:56:00;05/19/2025 - 14:56;DWI/DUI;Arrest;Baltimore Ave
2025-00103457;05/19/2025 14:56:00;05/19/2025 - 14:56;DWI/DUI;Arrest;University Blvd / Stadium Dr
2025-00120934;05/10/2025 00:00:00;05/19/2025 - 23:03;Damage to State Property;CBE;3900 block of Campus Dr
2025-00121280;05/20/2025 03:13:00;05/20/2025 - 06:56;Theft;Investigation Pending;Lot 4a
2025-00121421;06/08/2023 12:00:00;05/20/2025 - 09:51;Fraud;Active/Pending;5600 block of Rivertech Ct
2025-00121455;05/20/2025 11:21:00;05/20/2025 - 11:21;Injured/Sick Person;CBE;Lot 4B
2025-00121714;05/20/2025 19:32:00;05/20/2025 - 20:34;Suspicious Activity;CBE;7600 block of Library Ln
2025-00121715;05/20/2025 18:30:00;05/20/2025 - 20:44;Theft;Investigation Pending;8500 block of Paint Branch Dr
2025-00121852;05/20/2025 17:30:00;05/20/2025 - 23:44;Theft;Investigation Pending;7600 block of Regents Dr
2025-00121875;05/21/2025 00:27:00;05/21/2025 - 00:27;DWI/DUI;Arrest;Baltimore Ave
2025-00122200;05/20/2025 14:00:00;05/21/2025 - 12:00;Other Incident;CBE;3900 block of Campus Dr
2025-00122210;05/21/2025 07:00:00;05/21/2025 - 12:13;Theft;Investigation Pending;4000 block of Stadium Dr
2025-00122264;05/21/2025 15:45:00;05/21/2025 - 15:52;Other Incident;CBE;8500 block of Paint Branch Dr
2025-00122374;05/21/2025 18:23:00;05/21/2025 - 18:49;Dept Property Damage/Loss;CBE;7700 block of Baltimore Ave
2025-00122621;05/22/2025 01:48:00;05/22/2025 - 01:48;Injured/Sick Person;CBE;4300 block of Knox Rd
2025-00122721;05/22/2025 08:03:00;05/22/2025 - 08:03;Injured/Sick Person;CBE;8500 block of Paint Branch Dr
2025-00122894;05/22/2025 12:54:00;05/22/2025 - 12:54;Disorderly Conduct;Active/Pending;4100 block of Campus Dr
2025-00122899;05/22/2025 12:59:00;05/22/2025 - 12:59;Injured/Sick Person;CBE;8500 block of Paint Branch Dr
2025-00122904;05/20/2025 21:00:00;05/22/2025 - 13:06;Theft;Investigation Pending;8400 block of Boteler Ln
2025-00122932;05/22/2025 14:10:00;05/22/2025 - 14:10;Domestic;CBE;4300 block of Rowalt Dr
2025-00122939;05/22/2025 15:13:00;05/22/2025 - 15:13;Injured/Sick Person;Active/Pending;7600 block of Mowatt Ln
2025-00122941;05/21/2025 22:00:00;05/22/2025 - 15:14;Theft;Investigation Pending;4000 block of Stadium Dr
2025-00122943;05/22/2025 15:26:00;05/22/2025 - 15:26;Injured/Sick Person;CBE;4400 block of Rossborough Ln
2025-00123060;05/22/2025 19:28:00;05/22/2025 - 19:28;Pedestrian Struck;CBE;7300 block of Baltimore Ave
2025-00123079;05/22/2025 21:00:00;05/22/2025 - 21:15;Domestic;CBE;3400 block of Tulane Dr
2025-00123490;05/22/2025 17:00:00;05/23/2025 - 08:35;Theft;Active/Pending;8500 block of Paint Branch Dr
2025-00123519;05/23/2025 09:07:00;05/23/2025 - 09:13;Injured/Sick Person;CBE;8500 block of Paint Branch Dr
2025-00123603;05/22/2025 17:20:00;05/23/2025 - 13:07;Stolen Motor Vehicle;Unfounded;4000 block of Fieldhouse Dr
2025-00124034;05/23/2025 20:00:00;05/23/2025 - 21:00;Injured/Sick Person;CBE;8600 block of Paint Branch Dr
2025-00124048;05/23/2025 21:20:00;05/23/2025 - 21:20;DWI/DUI;Arrest;University Blvd
2025-00124063;05/23/2025 22:14:00;05/23/2025 - 22:14;DWI/DUI;Arrest;Baltimore Ave
2025-00124150;05/23/2025 23:46:00;05/23/2025 - 23:46;DWI/DUI;Arrest;Frat Row
2025-00124191;05/24/2025 00:24:00;05/24/2025 - 00:24;DWI/DUI;Arrest;Metzerott Rd
2025-00124236;05/24/2025 01:35:00;05/24/2025 - 01:35;DWI/DUI;Arrest;University Blvd
2025-00124250;05/18/2025 19:11:00;05/24/2025 - 02:11;Suspicious Person/Auto;Investigation Pending;8000 block of Regents Dr
2025-00124545;05/23/2024 07:30:00;05/24/2025 - 12:58;Theft;Investigation Pending;8500 block of Paint Branch Dr
2025-00124599;05/24/2025 15:44:00;05/24/2025 - 15:44;Assist Other Agency;CBE;4400 block of Calvert Rd
2025-00124835;05/24/2025 22:39:00;05/24/2025 - 22:39;DWI/DUI;Arrest;University Blvd
2025-00125033;05/25/2025 02:44:00;05/25/2025 - 02:44;DWI/DUI;Arrest;Metzerott Rd
2025-00125700;05/25/2025 23:50:00;05/25/2025 - 23:55;Suspicious Person/Auto;Active/Pending;Harvard Rd
2025-00126089;05/20/2025 14:30:00;05/26/2025 - 13:50;Theft;Summons Issued;4000 block of Fieldhouse Dr
2025-00126348;05/26/2025 22:40:00;05/26/2025 - 22:40;Vandalism;Unfounded;4100 block of Campus Dr
2025-00127110;05/27/2025 17:00:00;05/27/2025 - 17:04;Fire;CBE;3400 block of Tulane Dr
2025-00127140;05/27/2025 17:52:00;05/27/2025 - 17:52;Dept Property Damage/Loss;CBE;5100 block of Campus Dr
2025-00127147;05/27/2025 18:26:00;05/27/2025 - 18:26;Emergency Petition;CBE;8600 block of Boteler Ln
2025-00127202;05/22/2025 17:34:00;05/27/2025 - 22:11;Theft;Investigation Pending;4000 block of Union Dr
2025-00127386;05/27/2025 23:47:00;05/28/2025 - 01:24;Assist Other Agency;CBE;7300 block of Baltimore Ave
2025-00127580;05/28/2025 08:00:00;05/28/2025 - 08:27;Assist Other Agency;CBE;9300 block of Baltimore Ave
2025-00127725;04/29/2025 12:00:00;05/28/2025 - 11:57;Title IX Incident Non Criminal;CBE;7100 block of 51st Ave
2025-00127932;05/26/2025 16:00:00;05/28/2025 - 23:06;Theft;Investigation Pending;3800 block of Stadium Dr
2025-00128221;05/29/2025 12:42:00;05/29/2025 - 12:42;Recovered Stolen Property;Arrest;Baltimore Ave
2025-00128341;05/29/2025 21:07:00;05/29/2025 - 21:07;Alcohol Violation;Arrest;3800 block of Stadium Dr
2025-00128371;05/29/2025 22:35:00;05/29/2025 - 22:51;Accident - Departmental;CBE;3200 block of Metzerott Rd
2025-00128696;05/30/2025 11:28:00;05/30/2025 - 11:28;Injured/Sick Person;Active/Pending;Lot 4B
2025-00128700;05/30/2025 11:51:00;05/30/2025 - 11:51;Injured/Sick Person;CBE;3800 block of Golf Course Rd
2025-00128778;05/30/2025 14:25:00;05/30/2025 - 14:28;Injured/Sick Person;CBE;8000 block of Regents Dr
2025-00129056;05/30/2025 21:00:00;05/30/2025 - 23:52;Dept Property Damage/Loss;CBE;7500 block of Baltimore Ave
2025-00129446;05/31/2025 11:45:00;05/31/2025 - 18:19;Assist Other Agency;CBE;4500 block of College Ave
2025-00130131;06/01/2025 17:31:00;06/01/2025 - 17:31;Suspicious Person/Auto;Arrest;Golf Course Parking Lot
2025-00130441;06/02/2025 06:45:00;06/02/2025 - 07:07;Injured/Sick Person;CBE;7800 block of Alumni Dr
2025-00130740;06/01/2025 13:00:00;06/02/2025 - 21:55;Assist Other Agency;CBE;4700 block of Tecumseh St
2025-00131195;06/03/2025 17:00:00;06/03/2025 - 19:52;Theft;Active/Pending;7600 block of Library Ln
2025-00131336;06/04/2025 00:47:00;06/04/2025 - 00:47;Found/Recovered Property;Investigation Pending;Valley Dr
2025-00131979;06/05/2025 10:56:00;06/05/2025 - 10:56;Fire;CBE;5200 block of Greenbelt Rd
2025-00132128;06/05/2025 20:20:00;06/05/2025 - 20:40;Damage to State Property;CBE;3900 block of Campus Dr
2025-00132538;06/02/2025 16:00:00;06/06/2025 - 09:19;Theft;Investigation Pending;8200 block of Paint Branch Dr
2025-00132617;06/06/2025 09:30:00;06/06/2025 - 14:02;Police Information;Active/Pending;7500 block of Baltimore Ave
2025-00132642;06/05/2025 15:00:00;06/06/2025 - 15:31;Theft;Investigation Pending;8100 block of Paint Branch Dr
2025-00132960;06/06/2025 23:17:00;06/06/2025 - 23:17;DWI/DUI;Arrest;University Blvd
2025-00133550;06/07/2025 20:18:00;06/07/2025 - 20:18;Suspicious Activity;CBE;4200 block of Stadium Dr
2025-00133788;06/08/2025 01:04:00;06/08/2025 - 01:04;DWI/DUI;Arrest;7600 block of Mowatt Ln
2025-00133814;06/08/2025 04:12:00;06/08/2025 - 04:12;DWI/DUI;Arrest;Graduate Hills Apartment #288 at 3420 Tulane Dr
2025-00133991;06/08/2025 14:08:00;06/08/2025 - 14:08;Injured/Sick Person;CBE;3900 block of Campus Dr
2025-00134612;06/09/2025 13:40:00;06/09/2025 - 13:40;Other Incident;CBE;7800 block of Alumni Dr
2025-00134734;06/09/2025 13:45:00;06/09/2025 - 17:31;Theft;Arrest;8000 block of Regents Dr
2025-00134852;06/09/2025 22:50:00;06/09/2025 - 22:50;DWI/DUI;Arrest;University Blvd
2025-00134906;06/10/2025 00:51:00;06/10/2025 - 00:51;Other Incident;CBE;4100 block of Stadium Dr
2025-00135137;05/16/2025 00:00:00;06/10/2025 - 12:33;Theft;Investigation Pending;8200 block of Paint Branch Dr
2025-00135300;06/10/2025 23:01:00;06/10/2025 - 23:01;DWI/DUI;Arrest;7500 block of Baltimore Ave
2025-00135368;06/11/2025 01:15:00;06/11/2025 - 01:15;Warrant/Summons Service;Arrest;University Blvd
2025-00135525;06/11/2025 05:30:00;06/11/2025 - 07:23;Disorderly Conduct;CBE;Stanley R. Zupnick Hall at 8184 Paint Branch Dr
2025-00135647;06/10/2025 14:00:00;06/11/2025 - 13:23;Dept Property Damage/Loss;CBE;7100 block of 51st Ave
2025-00135653;06/11/2025 13:28:00;06/11/2025 - 13:32;Injured/Sick Person;CBE;3900 block of Campus Dr
2025-00135673;06/10/2025 13:00:00;06/11/2025 - 14:22;Injured Officer;CBE;7100 block of 51st Ave
2025-00135701;06/11/2025 08:00:00;06/11/2025 - 15:56;Accident;CBE;Lot Z
2025-00135797;06/11/2025 22:20:00;06/11/2025 - 22:29;Assist Other Agency;CBE;Baltimore Ave
2025-00135801;06/11/2025 22:30:00;06/11/2025 - 22:45;Fire;CBE;3400 block of Tulane Dr
2025-00135804;06/11/2025 23:04:00;06/11/2025 - 23:04;Emergency Petition;CBE;4300 block of Knox Rd
2025-00135819;06/11/2025 21:00:00;06/11/2025 - 23:25;Theft;Warrant Issued;4300 block of Knox Rd
2025-00136132;06/12/2025 09:52:00;06/12/2025 - 09:52;Fire;CBE;7700 block of Baltimore Ave
2025-00136238;06/12/2025 14:00:00;06/12/2025 - 15:17;Injured/Sick Person;CBE;4100 block of Stadium Dr
2025-00136247;06/12/2025 16:22:00;06/12/2025 - 16:22;Accident;Active/Pending;Baltimore Ave
2025-00136342;06/12/2025 18:00:00;06/12/2025 - 21:32;Check on the  Welfare;CBE;3900 block of Campus Dr
2025-00136487;06/13/2025 00:33:00;06/13/2025 - 00:33;DWI/DUI;Arrest;8600 block of Adelphi Rd
2025-00136641;06/13/2025 01:00:00;06/13/2025 - 02:06;Assist Other Agency;CBE;4300 block of Hartwick Rd
2025-00136722;06/13/2025 05:46:00;06/13/2025 - 05:46;CDS Violation;Arrest;3700 block of Campus Dr
2025-00136779;06/13/2025 00:57:00;06/13/2025 - 08:29;Damage to State Property;CBE;8600 block of Adelphi Rd
2025-00136825;06/13/2025 02:00:00;06/13/2025 - 09:40;Theft;Summons Issued;4200 block of Lehigh Rd
2025-00136968;06/13/2025 16:07:00;06/13/2025 - 16:37;Dept Property Damage/Loss;CBE;7500 block of Mowatt Ln
2025-00136970;06/13/2025 16:48:00;06/13/2025 - 16:48;Injured/Sick Person;CBE;3900 block of Campus Dr
2025-00137054;06/13/2025 19:10:00;06/13/2025 - 19:15;Injured/Sick Person;CBE;McKeldin Mall
2025-00137261;06/13/2025 23:10:00;06/13/2025 - 23:54;Accident - Departmental;CBE;8100 block of Paint Branch Dr
2025-00137973;06/15/2025 00:20:00;06/15/2025 - 00:20;DWI/DUI;Arrest;University Blvd
2025-00138756;06/16/2025 07:31:00;06/16/2025 - 07:31;Injured/Sick Person;CBE;Mowatt Ln
2025-00139138;06/16/2025 16:58:00;06/16/2025 - 16:58;Damage to State Property;CBE;7600 block of Baltimore Ave
2025-00139445;06/17/2025 04:31:00;06/17/2025 - 04:31;Trespassing;CBE;8200 block of Alumni Dr
2025-00139570;06/17/2025 08:51:00;06/17/2025 - 08:51;Check on the  Welfare;CBE;4400 block of Stadium Dr
2025-00139573;06/17/2025 09:10:00;06/17/2025 - 09:10;Assist Other Agency;CBE;4500 block of Campus Dr
2025-00139612;04/08/2025 00:00:00;06/17/2025 - 11:32;Theft;Unfounded;3900 block of Campus Dr
2025-00140085;06/18/2025 10:32:00;06/18/2025 - 10:35;Alarm;Active/Pending;UMGC Hotel at 348 Ehrensberger Dr
2025-00140097;06/09/2025 15:56:00;06/18/2025 - 11:16;Theft;Summons Issued;7700 block of Alumni Dr
2025-00140129;06/18/2025 11:45:00;06/18/2025 - 13:32;Hazardous Condition;CBE;8100 block of Baltimore Ave
2025-00140153;06/09/2025 23:20:00;06/18/2025 - 15:04;Other Incident;CBE;3800 block of Stadium Dr
2025-00140313;06/18/2025 20:55:00;06/18/2025 - 21:04;Injured/Sick Person;CBE;3900 block of Campus Dr
2025-00140813;06/19/2025 17:00:00;06/19/2025 - 18:09;Damaged Property;CBE;7500 block of Columbia Ave
2025-00141243;06/19/2025 22:00:00;06/20/2025 - 12:40;Other Incident;Active/Pending;8000 block of Boteler Ln
2025-00141744;06/21/2025 07:20:00;06/21/2025 - 07:23;Injured Officer;CBE;7500 block of Baltimore Ave
2025-00142077;06/21/2025 21:10:00;06/21/2025 - 21:22;Injured/Sick Person;CBE;8100 block of Greenmead Dr
2025-00142168;06/21/2025 18:00:00;06/21/2025 - 23:47;Assist Other Agency;CBE;6700 block of Adelphi Rd
2025-00142240;06/22/2025 04:50:00;06/22/2025 - 04:50;Disorderly Conduct;Arrest;UMGC Hotel at 348 Ehrensberger Dr
2025-00142272;06/22/2025 03:45:00;06/22/2025 - 07:37;Injured/Sick Person;Active/Pending;3400 block of Tulane Dr
2025-00142953;06/18/2025 14:30:00;06/23/2025 - 10:21;Damage to State Property;Active/Pending;7800 block of Regents Dr
2025-00142974;06/22/2025 15:08:00;06/23/2025 - 10:47;Theft;Active/Pending;7600 block of Mowatt Ln
2025-00143029;06/23/2025 13:00:00;06/23/2025 - 15:19;Theft;Investigation Pending;8100 block of Boteler Ln
2025-00143161;06/23/2025 17:00:00;06/23/2025 - 17:38;Assist Other Agency;CBE;7700 block of Baltimore Ave
2025-00143482;06/24/2025 01:00:00;06/24/2025 - 01:16;Assist Other Agency;CBE;8200 block of Baltimore Ave
2025-00143655;06/23/2025 14:15:00;06/24/2025 - 12:33;Suspicious Person/Auto;CBE;4600 block of River Rd
2025-00143946;06/24/2025 23:23:00;06/24/2025 - 23:23;Warrant/Summons Service;Arrest;Golf Course Rd
2025-00144030;06/25/2025 02:00:00;06/25/2025 - 02:51;Trespassing;Summons Issued;4300 block of Campus Dr
2025-00144796;06/26/2025 09:26:00;06/26/2025 - 09:26;Recovered Stolen Property;CBE;4300 block of Campus Dr
2025-00144870;12/22/2024 08:00:00;06/26/2025 - 16:47;Other Incident;Active/Pending;3800 block of Campus Dr
2025-00145006;06/26/2025 22:00:00;06/26/2025 - 22:10;Assist Other Agency;CBE;5000 block of Lakeland Rd
2025-00146850;06/29/2025 07:02:00;06/29/2025 - 07:02;Injured/Sick Person;CBE;8100 block of La Plata Dr
2025-00146967;06/29/2025 13:54:00;06/29/2025 - 13:54;Assist Other Agency;CBE;8100 block of Baltimore Ave
2025-00147305;06/29/2025 23:56:00;06/29/2025 - 23:56;DWI/DUI;Arrest;University Blvd
2025-00147380;06/30/2025 02:20:00;06/30/2025 - 02:20;DWI/DUI;Arrest;University Blvd
2025-00147421;06/28/2025 04:15:00;06/30/2025 - 06:42;Theft;Investigation Pending;7500 block of Mowatt Ln
2025-00147752;06/30/2025 15:14:00;06/30/2025 - 15:14;Other Incident;CBE;5000 block of College Ave
2025-00148338;07/01/2025 08:30:00;07/01/2025 - 09:54;Fraud;Warrant Issued;3900 block of Campus Dr
2025-00148421;06/29/2025 12:51:00;07/01/2025 - 12:45;Theft;Summons Issued;5200 block of Greenbelt Rd
2025-00148436;06/20/2025 08:30:00;07/01/2025 - 13:19;Burglary;Summons Issued;8200 block of Paint Branch Dr
2025-00148503;06/30/2025 09:30:00;07/01/2025 - 14:52;Burglary;Active/Pending;8200 block of Paint Branch Dr
2025-00148910;07/02/2025 07:58:00;07/02/2025 - 07:58;Trespassing;Active/Pending;8200 block of Paint Branch Dr
2025-00149664;06/23/2025 07:00:00;07/03/2025 - 10:18;Other Incident;CBE;4000 block of Campus Dr
2025-00149989;07/03/2025 21:06:00;07/03/2025 - 21:06;Assist Other Agency;CBE;7500 block of Baltimore Ave
2025-00150124;07/04/2025 00:03:00;07/04/2025 - 00:03;DWI/DUI;Arrest;University Blvd
2025-00150155;07/04/2025 00:49:00;07/04/2025 - 00:49;DWI/DUI;Arrest;University Blvd
2025-00150436;07/01/2025 15:00:00;07/04/2025 - 09:29;Assist Other Agency;Active/Pending;7400 block of Hopkins Ave
2025-00150545;07/04/2025 15:45:00;07/04/2025 - 16:35;Suspicious Person/Auto;Arrest;7300 block of Baltimore Ave
2025-00150687;07/04/2025 19:26:00;07/04/2025 - 20:03;Indecent Exposure;Arrest;Baltimore Ave
2025-00150753;07/04/2025 22:36:00;07/04/2025 - 22:36;DWI/DUI;Arrest;University Blvd
2025-00150791;07/04/2025 23:32:00;07/04/2025 - 23:32;DWI/DUI;Arrest;Adelphi Rd
2025-00150838;07/05/2025 01:15:00;07/05/2025 - 01:15;DWI/DUI;Arrest;University Blvd
2025-00151269;07/05/2025 18:00:00;07/05/2025 - 18:00;Other Incident;CBE;8000 block of Greenmead Dr
2025-00151427;07/05/2025 23:15:00;07/05/2025 - 23:15;Warrant/Summons Service;Arrest;Baltimore Ave
2025-00151430;07/05/2025 23:15:00;07/05/2025 - 23:18;Assist Other Agency;Active/Pending;7300 block of Baltimore Ave
2025-00151887;03/12/2024 16:40:00;07/06/2025 - 14:47;Assist Other Agency;CBE;8700 block of Baltimore Ave
2025-00151934;07/06/2025 16:11:00;07/06/2025 - 16:11;Injured/Sick Person;CBE;7600 block of Library Ln
2025-00152577;06/20/2025 00:43:00;07/07/2025 - 11:05;Theft;Arrest;7500 block of Mowatt Ln
2025-00152649;07/03/2025 18:11:00;07/07/2025 - 12:04;Suspicious Activity;Active/Pending;4200 block of Campus Dr
2025-00152744;07/07/2025 15:21:00;07/07/2025 - 15:41;Injured/Sick Person;CBE;7700 block of Baltimore Ave
2025-00152898;07/07/2025 22:06:00;07/07/2025 - 22:06;Emergency Petition;CBE;3900 block of Campus Dr
2025-00154073;07/09/2025 11:26:00;07/09/2025 - 11:26;CDS Violation;Summons Issued;LaPlata Beach
2025-00154098;07/08/2025 09:00:00;07/09/2025 - 12:05;Theft;Investigation Pending;3800 block of Stadium Dr
2025-00154116;07/08/2025 22:44:00;07/09/2025 - 13:57;Assist Other Agency;CBE;7300 block of Hopkins Ave
2025-00154242;07/09/2025 21:06:00;07/09/2025 - 21:06;Suspicious Person/Auto;CBE;4100 block of Campus Dr
2025-00154376;07/10/2025 01:46:00;07/10/2025 - 01:46;DWI/DUI;Arrest;University Blvd
2025-00154521;07/10/2025 09:50:00;07/10/2025 - 09:51;Theft;Arrest;7500 block of Yale Ave
2025-00154524;07/08/2025 10:00:00;07/10/2025 - 10:21;Theft;Investigation Pending;4200 block of Stadium Dr
2025-00154820;07/10/2025 23:27:00;07/10/2025 - 23:27;DWI/DUI;Arrest;University Blvd
2025-00154828;07/10/2025 23:31:00;07/10/2025 - 23:31;Alcohol Violation;Arrest;Knox Rd
2025-00155009;07/11/2025 03:03:00;07/11/2025 - 03:03;Check on the  Welfare;CBE;7300 block of Baltimore Ave
2025-00155141;07/07/2025 05:00:00;07/11/2025 - 08:42;Theft;Active/Pending;8100 block of Paint Branch Dr
2025-00155670;07/12/2025 01:07:00;07/12/2025 - 01:07;Missing Person/Runaway;CBE;Alpha Sigma Phi, Frat 9 at 9 Fraternity Row
2025-00156226;07/12/2025 19:00:00;07/12/2025 - 19:39;Assist Other Agency;CBE;4200 block of Knox Rd
2025-00156296;07/12/2025 22:18:00;07/12/2025 - 22:18;Theft;Arrest;8000 block of Regents Dr
2025-00156330;07/13/2025 02:20:00;07/13/2025 - 02:20;Assist Other Agency;CBE;Baltimore Ave
2025-00156484;07/13/2025 08:05:00;07/13/2025 - 08:54;Assist Other Agency;CBE;8700 block of Baltimore Ave
2025-00157235;07/14/2025 09:45:00;07/14/2025 - 09:45;Found/Recovered Property;CBE;Capital One Field, Football Stadium, SECU Stadium
2025-00157596;07/14/2025 18:16:00;07/14/2025 - 19:09;Dept Property Damage/Loss;CBE;495 / N 95
2025-00157987;07/15/2025 13:49:00;07/15/2025 - 13:49;Assist Other Agency;CBE;Knox Rd
2025-00158178;07/14/2025 16:45:00;07/15/2025 - 21:49;Theft;Investigation Pending;7500 block of Mowatt Ln
2025-00158282;07/16/2025 00:41:00;07/16/2025 - 01:00;Accident - Departmental;CBE;7500 block of Mowatt Ln
2025-00158609;07/15/2025 21:00:00;07/16/2025 - 10:17;Theft;Investigation Pending;3400 block of Tulane Dr
2025-00158664;07/16/2025 12:50:00;07/16/2025 - 12:50;Assist Other Agency;CBE;4300 block of Hartwick Rd
2025-00158813;07/16/2025 18:53:00;07/16/2025 - 18:53;Injured/Sick Person;CBE;4100 block of Valley Dr
2025-00159238;07/17/2025 06:50:00;07/17/2025 - 06:50;Recovered Stolen Property;Arrest;4300 block of Campus Dr
2025-00159469;07/17/2025 13:25:00;07/17/2025 - 13:25;Other Incident;CBE;7900 block of Regents Dr
2025-00159519;07/17/2025 14:37:00;07/17/2025 - 14:37;Injured/Sick Person;CBE;3800 block of Golf Course Rd
2025-00159526;07/16/2025 18:09:00;07/17/2025 - 15:13;Theft;Investigation Pending;Lot 11b
2025-00159531;06/12/2025 23:00:00;07/17/2025 - 15:26;Theft;Warrant Issued;3400 block of Tulane Dr
2025-00159532;06/09/2025 15:30:00;07/17/2025 - 15:28;Domestic;CBE;3800 block of Golf Course Rd
2025-00159535;07/17/2025 16:33:00;07/17/2025 - 16:33;Assist Other Agency;CBE;7200 block of Baltimore Ave
2025-00159645;07/17/2025 20:00:00;07/17/2025 - 20:00;Warrant/Summons Service;Arrest;Baltimore Ave
2025-00160185;05/24/2025 15:02:00;07/18/2025 - 17:19;Theft;Investigation Pending;7000 block of Preinkert Dr
2025-00160386;07/18/2025 23:36:00;07/18/2025 - 23:36;DWI/DUI;Arrest;University Blvd
2025-00160457;07/19/2025 00:43:00;07/19/2025 - 00:43;Warrant/Summons Service;Arrest;University Blvd
2025-00160768;07/19/2025 09:45:00;07/19/2025 - 10:46;Police Information;CBE;7100 block of Baltimore Ave
2025-00160852;07/19/2025 13:53:00;07/19/2025 - 14:10;Suspicious Person/Auto;Active/Pending;8000 block of Regents Dr
2025-00161158;07/20/2025 02:05:00;07/20/2025 - 02:05;DWI/DUI;Arrest;Baltimore Ave
2025-00161159;07/20/2025 02:19:00;07/20/2025 - 02:19;DWI/DUI;Arrest;University Blvd
2025-00161162;07/20/2025 02:50:00;07/20/2025 - 03:37;Assist Other Agency;CBE;7500 block of Baltimore Ave
2025-00161406;07/20/2025 10:40:00;07/20/2025 - 10:44;Assist Other Agency;CBE;Campus Dr
2025-00162432;07/21/2025 22:50:00;07/21/2025 - 22:56;Injured/Sick Person;CBE;Baltimore Ave
2025-00162720;07/22/2025 10:11:00;07/22/2025 - 10:11;Injured/Sick Person;CBE;8100 block of Regents Dr
2025-00162754;07/22/2025 12:04:00;07/22/2025 - 12:04;Recovered Stolen Motor Vehicle;Arrest;7300 block of Baltimore Ave
2025-00162758;07/13/2025 17:00:00;07/22/2025 - 13:34;Theft;Active/Pending;8200 block of Alumni Dr
2025-00162812;07/15/2025 14:00:00;07/22/2025 - 15:38;Title IX Incident Non Criminal;CBE;4000 block of Campus Dr
2025-00162871;07/17/2025 12:00:00;07/22/2025 - 17:38;Other Incident;CBE;4000 block of Campus Dr
2025-00162892;07/22/2025 18:29:00;07/22/2025 - 18:29;Suspicious Activity;CBE;3400 block of Tulane Dr
2025-00164006;07/24/2025 13:40:00;07/24/2025 - 13:58;Hate Bias Incident;CBE;3900 block of Campus Dr
2025-00164020;07/05/2025 01:30:00;07/24/2025 - 14:46;Lost Property;Active/Pending;3400 block of Tulane Dr
2025-00164033;07/24/2025 16:51:00;07/24/2025 - 16:51;Lost Property;CBE;4000 block of Stadium Dr
2025-00164132;07/24/2025 19:02:00;07/24/2025 - 19:02;Warrant/Summons Service;Arrest;Adelphi Rd
2025-00164302;07/24/2025 23:58:00;07/24/2025 - 23:58;DWI/DUI;Arrest;University Blvd
2025-00164332;07/25/2025 00:37:00;07/25/2025 - 00:37;DWI/DUI;Arrest;University Blvd
2025-00164474;07/25/2025 04:21:00;07/25/2025 - 04:21;Alarm;Active/Pending;4300 block of Knox Rd
2025-00164586;07/25/2025 10:01:00;07/25/2025 - 10:01;Injured/Sick Person;CBE;8200 block of Paint Branch Dr
2025-00164621;07/25/2025 11:50:00;07/25/2025 - 11:50;Disorderly Conduct;CBE;4400 block of Technology Dr
2025-00164634;07/25/2025 02:00:00;07/25/2025 - 12:43;Vandalism;Active/Pending;Barry P. Gossett Basketball Performance Center at 8454 Paint Branch Dr
2025-00164728;07/25/2025 13:00:00;07/25/2025 - 17:42;Burglary;Active/Pending;7600 block of Preinkert Dr
2025-00164824;07/25/2025 21:00:00;07/25/2025 - 21:30;Assist Other Agency;Active/Pending;Baltimore Ave
2025-00165032;07/26/2025 01:54:00;07/26/2025 - 01:54;DWI/DUI;Arrest;University Blvd
2025-00165151;07/25/2025 18:00:00;07/26/2025 - 07:52;Theft;Investigation Pending;8100 block of Paint Branch Dr
2025-00165296;05/24/2025 12:00:00;07/26/2025 - 12:27;Theft;Investigation Pending;3400 block of Tulane Dr
2025-00165314;06/25/2025 15:00:00;07/26/2025 - 13:30;Theft;Investigation Pending;4100 block of Campus Dr
2025-00165315;06/13/2025 02:10:00;07/26/2025 - 13:31;Theft;Summons Issued;3400 block of Tulane Dr
2025-00165620;07/27/2025 01:22:00;07/27/2025 - 01:22;Warrant/Summons Service;Arrest;Baltimore Ave
2025-00166343;07/28/2025 01:12:00;07/28/2025 - 01:12;Injured/Sick Person;CBE;Baltimore Ave
2025-00166498;07/23/2025 06:00:00;07/28/2025 - 08:46;Theft;Active/Pending;8100 block of Paint Branch Dr
2025-00166641;07/28/2025 10:00:00;07/28/2025 - 10:20;Stolen Motor Vehicle;Active/Pending;8100 block of Paint Branch Dr
2025-00167454;07/29/2025 10:45:00;07/29/2025 - 10:49;Injured/Sick Person;CBE;3500 block of Campus Dr
2025-00167532;07/29/2025 14:20:00;07/29/2025 - 14:30;Suspicious Person/Auto;CBE;4100 block of Stadium Dr
2025-00168144;07/30/2025 08:50:00;07/30/2025 - 09:25;Suspicious Activity;Active/Pending;4000 block of Stadium Dr
2025-00168302;07/30/2025 16:45:00;07/30/2025 - 16:45;Check on the  Welfare;CBE;7600 block of Baltimore Ave
2025-00168438;07/30/2025 20:55:00;07/30/2025 - 20:55;Other Incident;CBE;8100 block of La Plata Dr
2025-00168611;07/31/2025 00:44:00;07/31/2025 - 00:44;DWI/DUI;Arrest;Metzerott Rd
2025-00168779;07/31/2025 01:00:00;07/31/2025 - 08:01;Burglary;Investigation Pending;3800 block of Stadium Dr
2025-00169177;07/31/2025 22:06:00;07/31/2025 - 22:06;Other Incident;CBE;8100 block of La Plata Dr
2025-00169377;08/01/2025 01:51:00;08/01/2025 - 01:51;Warrant/Summons Service;Arrest;University Blvd
2025-00169666;08/01/2025 09:48:00;08/01/2025 - 09:48;Injured/Sick Person;CBE;4300 block of Rowalt Dr
2025-00169755;07/13/2025 10:30:00;08/01/2025 - 12:27;Other Incident;CBE;Paint Branch Trl / Iribe Center
2025-00169768;08/01/2025 12:40:00;08/01/2025 - 12:57;Fire;CBE;8000 block of Regents Dr
2025-00169793;08/01/2025 14:32:00;08/01/2025 - 14:33;Vandalism;Juvenile Arrest;4200 block of Lehigh Rd
2025-00169881;07/28/2025 17:00:00;08/01/2025 - 17:40;Injured Officer;CBE;New Hampshire Ave
2025-00170262;08/02/2025 03:50:00;08/02/2025 - 03:50;DWI/DUI;Arrest;Metzerott Rd
2025-00170818;08/02/2025 23:03:00;08/02/2025 - 23:03;DWI/DUI;Arrest;University Blvd
2025-00170881;08/03/2025 00:55:00;08/03/2025 - 00:55;DWI/DUI;Arrest;Adelphi Rd
2025-00170899;08/03/2025 02:02:00;08/03/2025 - 02:02;DWI/DUI;Arrest;Metzerott Rd
2025-00171034;08/03/2025 05:35:00;08/03/2025 - 06:21;Vehicle Tampering;Active/Pending;3400 block of Tulane Dr
2025-00171291;08/02/2025 12:06:00;08/03/2025 - 14:00;Theft;Unfounded;4300 block of Stadium Dr
2025-00171363;08/03/2025 15:24:00;08/03/2025 - 15:29;Other Incident;CBE;3400 block of Tulane Dr
2025-00171495;07/07/2025 07:00:00;08/03/2025 - 19:02;Theft;Investigation Pending;3800 block of Stadium Dr
2025-00171646;08/04/2025 00:47:00;08/04/2025 - 00:47;DWI/DUI;Arrest;University Blvd
2025-00171947;08/04/2025 11:13:00;08/04/2025 - 11:13;Assist Other Agency;CBE;4700 block of Berwyn House Rd
2025-00172140;08/02/2025 15:17:00;08/04/2025 - 16:03;Suspicious Person/Auto;Active/Pending;4100 block of Valley Dr
2025-00172638;08/05/2025 08:30:00;08/05/2025 - 08:47;Burglary;CBE;7500 block of Yale Ave
2025-00173026;08/05/2025 21:32:00;08/05/2025 - 21:32;Alcohol Violation;CBE;Baltimore Ave
2025-00173416;08/01/2025 14:00:00;08/06/2025 - 10:09;Threat Assessment;Active/Pending;4000 block of Union Dr
2025-00173696;08/06/2025 20:50:00;08/06/2025 - 20:50;CDS Violation;Active/Pending;8700 block of Boteler Ln
2025-00173711;08/06/2025 21:15:00;08/06/2025 - 22:51;Hazardous Condition;CBE;8100 block of Baltimore Ave
2025-00174022;08/04/2025 12:29:00;08/07/2025 - 10:07;Theft;Active/Pending;4200 block of Chapel Ln
2025-00174771;08/07/2025 21:46:00;08/08/2025 - 12:08;Theft;Active/Pending;4000 block of Campus Dr
2025-00174770;08/08/2025 12:04:00;08/08/2025 - 12:14;Assist Other Agency;CBE;7200 block of Baltimore Ave
2025-00175180;08/09/2025 01:51:00;08/09/2025 - 01:51;DWI/DUI;Arrest;Baltimore Ave
2025-00175519;08/09/2025 17:30:00;08/09/2025 - 17:33;Injured/Sick Person;CBE;815 at 7401 Baltimore Ave
2025-00176609;08/10/2025 21:30:00;08/11/2025 - 09:01;Theft from Auto;Active/Pending;3400 block of Tulane Dr
2025-00176623;08/11/2025 09:41:00;08/11/2025 - 09:41;Trespassing;Arrest;7700 block of Alumni Dr
2025-00176922;08/11/2025 17:16:00;08/11/2025 - 17:16;Other Incident;Unfounded;4700 block of Rossborough Ln
2025-00176960;08/10/2025 18:00:00;08/11/2025 - 18:43;Vandalism;Active/Pending;3400 block of Tulane Dr
2025-00177021;08/11/2025 21:16:00;08/11/2025 - 21:16;Injured/Sick Person;CBE;3800 block of Golf Course Rd
2025-00177195;08/12/2025 02:45:00;08/12/2025 - 02:45;Emergency Petition;CBE;7500 block of Baltimore Ave
2025-00177471;08/12/2025 12:34:00;08/12/2025 - 12:34;Check on the  Welfare;Active/Pending;4300 block of Rowalt Dr
2025-00177472;08/12/2025 12:15:00;08/12/2025 - 12:47;Damaged Property;Active/Pending;3400 block of Tulane Dr
2025-00177485;07/31/2025 08:00:00;08/12/2025 - 14:58;Fraud;CBE;7000 block of Preinkert Dr
2025-00177497;08/12/2025 13:00:00;08/12/2025 - 15:28;Threat Assessment;Active/Pending;7500 block of Baltimore Ave
2025-00177522;08/06/2025 00:00:00;08/12/2025 - 17:04;Fraud;Active/Pending;3400 block of Tulane Dr
2025-00177559;08/12/2025 18:52:00;08/12/2025 - 18:52;Suspicious Activity;CBE;8500 block of Paint Branch Dr
2025-00178038;08/13/2025 13:26:00;08/13/2025 - 13:26;Warrant/Summons Service;Arrest;7500 block of Baltimore Ave
2025-00178057;08/12/2025 20:00:00;08/13/2025 - 15:43;Assist Other Agency;CBE;4300 block of Hartwick Rd
2025-00178120;08/13/2025 17:00:00;08/13/2025 - 17:00;Other Incident;Active/Pending;8500 block of Paint Branch Dr
2025-00178378;08/13/2025 23:14:00;08/13/2025 - 23:14;Injured/Sick Person;CBE;4100 block of Valley Dr
2025-00178595;08/14/2025 09:25:00;08/14/2025 - 09:33;Other Incident;CBE;3900 block of Campus Dr
2025-00178600;08/11/2025 11:00:00;08/14/2025 - 10:10;Theft;Investigation Pending;4000 block of Stadium Dr
2025-00178847;08/14/2025 19:02:00;08/14/2025 - 19:02;Damage to State Property;CBE;3400 block of Tulane Dr
2025-00178897;08/14/2025 22:27:00;08/14/2025 - 22:27;Traffic Arrest;Arrest;Metzerott Rd
2025-00178929;08/14/2025 17:00:00;08/14/2025 - 23:59;Theft;Active/Pending;4100 block of Valley Dr
2025-00178936;08/15/2025 00:23:00;08/15/2025 - 00:23;Trespassing;Arrest;3900 block of Campus Dr
2025-00179218;08/15/2025 09:28:00;08/15/2025 - 09:28;Injured/Sick Person;CBE;Lot P2
2025-00179698;08/16/2025 01:42:00;08/16/2025 - 01:42;DWI/DUI;Arrest;Metzerott Rd
2025-00179712;08/16/2025 03:15:00;08/16/2025 - 03:15;DWI/DUI;Arrest;University Blvd
2025-00180048;08/16/2025 15:14:00;08/16/2025 - 15:14;Injured/Sick Person;CBE;4100 block of Valley Dr
2025-00180358;08/17/2025 03:14:00;08/17/2025 - 03:14;DWI/DUI;Arrest;University Blvd
2025-00180716;08/17/2025 14:50:00;08/17/2025 - 14:50;Suspicious Person/Auto;CBE;4200 block of Campus Dr
2025-00180863;08/17/2025 20:37:00;08/17/2025 - 20:37;DWI/DUI;Arrest;Greenmead Dr
2025-00180887;08/17/2025 22:22:00;08/17/2025 - 22:22;DWI/DUI;Arrest;Metzerott Rd
2025-00180980;08/18/2025 02:39:00;08/18/2025 - 02:39;DWI/DUI;Arrest;University Blvd
2025-00181238;08/18/2025 12:13:00;08/18/2025 - 12:13;Assist Other Agency;CBE;Baltimore Ave
2025-00181253;05/13/2025 15:00:00;08/18/2025 - 13:10;Theft;Active/Pending;4200 block of Stadium Dr
2025-00181255;08/18/2025 13:28:00;08/18/2025 - 13:28;Injured/Sick Person;CBE;7500 block of Baltimore Ave
2025-00181258;08/18/2025 13:57:00;08/18/2025 - 13:57;Missing Person/Runaway;CBE;7000 block of Preinkert Dr
2025-00181650;08/19/2025 05:34:00;08/19/2025 - 05:34;Warrant/Summons Service;Arrest;University Blvd
2025-00182190;08/19/2025 22:06:00;08/20/2025 - 01:53;Assist Other Agency;CBE;9000 block of Baltimore Ave
2025-00182273;08/19/2025 20:00:00;08/20/2025 - 05:53;Vandalism;Active/Pending;3400 block of Tulane Dr
2025-00182370;08/20/2025 09:00:00;08/20/2025 - 10:25;Assist Other Agency;Active/Pending;8200 block of Baltimore Ave
2025-00182428;08/20/2025 14:07:00;08/20/2025 - 14:07;Check on the  Welfare;Active/Pending;4200 block of Knox Rd
2025-00183158;08/21/2025 20:23:00;08/21/2025 - 20:23;Assist Other Agency;CBE;8300 block of Baltimore Ave
2025-00183222;08/21/2025 23:20:00;08/21/2025 - 23:28;CDS Violation;CBE;4100 block of Stadium Dr
2025-00183459;08/22/2025 08:25:00;08/22/2025 - 08:26;Theft;Active/Pending;8100 block of Paint Branch Dr
2025-00183469;08/01/2025 00:00:00;08/22/2025 - 09:14;Assist Other Agency;CBE;7500 block of Baltimore Ave
2025-00184259;08/23/2025 01:29:00;08/23/2025 - 01:29;DWI/DUI;Arrest;University Blvd
2025-00184283;08/23/2025 03:13:00;08/23/2025 - 03:13;DWI/DUI;Arrest;University Blvd
2025-00184284;08/23/2025 03:24:00;08/23/2025 - 03:24;CDS Violation;CBE;8000 block of Greenmead Dr
2025-00184591;08/23/2025 18:44:00;08/23/2025 - 18:44;Injured/Sick Person;CBE;Lot P2
2025-00184628;08/23/2025 20:52:00;08/23/2025 - 20:59;Extortion;Active/Pending;8400 block of Boteler Ln
2025-00184654;08/23/2025 22:45:00;08/23/2025 - 22:45;DWI/DUI;Arrest;University Blvd
2025-00184714;08/24/2025 01:17:00;08/24/2025 - 01:17;Injured/Sick Person;CBE;7200 block of Dartmouth Ave
2025-00185207;08/24/2025 17:00:00;08/24/2025 - 18:23;Extortion;Active/Pending;7500 block of Mowatt Ln
2025-00185404;08/25/2025 01:53:00;08/25/2025 - 01:53;Other Incident;CBE;Lot C1
2025-00185705;08/25/2025 11:50:00;08/25/2025 - 12:02;Emergency Petition;CBE;4100 block of Valley Dr
2025-00185712;08/22/2025 12:34:00;08/25/2025 - 12:28;Theft;Active/Pending;4200 block of Valley Dr
2025-00186065;08/26/2025 04:04:00;08/26/2025 - 04:04;Suspicious Person/Auto;CBE;University Blvd
2025-00186920;08/27/2025 14:12:00;08/27/2025 - 17:12;Suspicious Activity;CBE;8000 block of Regents Dr
2025-00187226;08/28/2025 00:29:00;08/28/2025 - 00:29;Injured/Sick Person;CBE;8200 block of Paint Branch Dr
2024-00200716;11/13/24 12:14;11/14/24 12:14;Check on the  Welfare;CBE;76, Symons Hall at 7998  Regents  Dr
2024-00209815;11/05/24;11/25/24 14:35;Other Incident;CBE;8000 block of  Regents  Dr
2024-00217232;12/03/24 21:30;12/03/24 22:38;Assist Other Agency;CBE;7300 block of  Baltimore  Ave
2024-00217866;12/04/24 12:40;12/04/24 13:37;Theft;Active/Pending;36, Plant Sciences Building at 4291  Fieldhouse  Dr
2024-00218279;12/05/24 00:32;12/05/24 00:32;DWI/DUI;Arrest;Baltimore  Ave
2024-00218724;12/05/24 17:38;12/05/24 17:38;False Report/Statement;CBE;4200 block of  Farm  Dr
2024-00219148;12/04/24 07:00;12/06/24 05:39;Theft;Active/Pending;7700 block of  Alumni  Dr
2024-00219605;12/06/24 19:41;12/06/24 19:41;Injured/Sick Person;CBE;7600 block of  Mowatt  Ln
2024-00219636;12/06/24 17:26;12/06/24 20:18;Theft;Unfounded;Edward St. John Learning and Teaching Center, ESJ at 4131  Campus  Dr
2024-00219664;12/06/24 21:50;12/06/24 22:17;Theft from Auto;Investigation Pending;University Courtyard #5 at 8500  Boteler  Ln
2024-00219670;12/06/24 22:29;12/06/24 22:29;CDS Violation;CBE;7500 block of  Calvert Service  Ln
2024-00219671;12/06/24 22:38;12/06/24 22:38;Injured/Sick Person;CBE;La Plata Hall at 8160  La Plata  Dr
2024-00219710;12/06/24 23:20;12/06/24 23:20;Injured/Sick Person;CBE;Riggs, Riggs Alumni, Riggs Alumni Center at 7801  Alumni  Dr
2024-00219770;12/07/24;12/07/24 00:39;Injured/Sick Person;Active/Pending;Easton, Easton Hall at 3917  Denton Service  Ln
2024-00219771;12/07/24 00:44;12/07/24 00:44;Injured/Sick Person;CBE;Commons 7, SCC 7, South Campus Commons 7 at 6801  Preinkert  Dr
2024-00219776;12/07/24 01:02;12/07/24 01:02;Injured/Sick Person;CBE;Denton, Denton Hall at 3854  Stadium  Dr
2024-00219790;12/07/24 01:45;12/07/24 01:52;Theft;Active/Pending;3400 block of  Tulane  Dr
2024-00221311;12/08/24 12:00;12/08/24 21:40;Theft;Investigation Pending;35, McKeldin Library at 7649  Library  Ln
2024-00221493;12/09/24 02:16;12/09/24 02:16;DWI/DUI;Arrest;3400 block of  Tulane  Dr
2024-00221842;12/09/24 11:45;12/09/24 11:45;Emergency Petition;Active/Pending;Health Center at 3983  Campus  Dr
2024-00221902;12/06/24 16:00;12/09/24 15:08;Assault;CBE;39, Van Munching, Van Munching Hall at 7699  Mowatt  Ln
2024-00221928;12/09/24 16:00;12/09/24 16:02;Assault;Active/Pending;Dairy, Stamp, Stamp Student Union, Student Union, Union at 3972  Campus  Dr
2024-00221941;11/07/24;12/09/24 16:34;Theft;Active/Pending;4200 block of  Stadium  Dr
2024-00221942;12/03/24 19:50;12/09/24 17:23;Theft;Investigation Pending;3400 block of  Tulane  Dr
2024-00221946;12/08/24 22:30;12/09/24 18:25;Theft;Active/Pending;98, Centreville, Centreville Hall at 4243  Valley  Dr
2024-00221983;12/09/24 21:50;12/09/24 21:50;Harassment/Stalking;Summons Issued;Washington Quad
2024-00222039;12/10/24 00:33;12/10/24 00:33;Hazardous Condition;CBE;Yahentamitsi at 4136  Stadium  Dr
2024-00222207;12/09/24 23:00;12/10/24 04:57;Theft;Active/Pending;Prince Frederick, Prince Frederick Hall at 7030  Preinkert  Dr
2024-00222325;12/09/24 19:00;12/10/24 09:55;Vandalism;Investigation Pending;Riggs, Riggs Alumni, Riggs Alumni Center at 7801  Alumni  Dr
2024-00222353;12/10/24 12:02;12/10/24 12:23;Harassment/Stalking;Active/Pending;4300 block of  Chapel  Ln
2024-00222792;12/11/24 00:18;12/11/24 00:18;Injured/Sick Person;CBE;4300 block of  Knox  Rd
2024-00222798;12/11/24 00:33;12/11/24 00:33;DWI/DUI;Arrest;Baltimore  Ave
2024-00222974;12/11/24 03:45;12/11/24 04:32;Theft from Auto;Active/Pending;University Courtyard #3 at 8300  Boteler  Ln
2024-00222995;12/10/24 21:00;12/11/24 05:57;Theft from Auto;Active/Pending;3400 block of  Tulane  Dr
2024-00223175;12/09/24 15:20;12/11/24 12:25;Lost Property;Active/Pending;Bio Psych, Biology-Psychology Building at 4094  Campus  Dr
2024-00223252;09/06/24 15:29;12/11/24 16:16;Theft;Active/Pending;4100 block of  Campus  Dr
2024-00223272;12/11/24 17:30;12/11/24 17:30;Assist Other Agency;CBE;Baltimore  Ave
2024-00223849;12/10/24 08:00;12/12/24 09:59;Injured/Sick Person;CBE;7, Pocomoke, Pocomoke Building, Police, UMDPS, UMPD at 7569  Baltimore  Ave
2024-00223958;12/12/24 10:50;12/12/24 11:40;Extortion;Investigation Pending;3400 block of  Tulane  Dr
2024-00223980;12/09/24 16:00;12/12/24 12:15;Injured Officer;CBE;Litton, Police Services & Training Facility at 7147  51st  Ave
2024-00224026;12/12/24 15:37;12/12/24 15:37;Injured/Sick Person;CBE;35, McKeldin Library at 7649  Library  Ln
2024-00224132;12/12/24 20:00;12/12/24 20:40;Injured/Sick Person;CBE;Yahentamitsi at 4136  Stadium  Dr
2024-00224155;12/12/24 22:22;12/12/24 22:22;Other Incident;CBE;Bio Psych, Biology-Psychology Building at 4094  Campus  Dr
2024-00224792;12/13/24 04:15;12/13/24 07:36;Vandalism;Investigation Pending;8000 block of  Regents  Dr
2024-00224870;12/13/24 10:04;12/13/24 10:04;Assist Other Agency;CBE;Looney's Pub, The Varsity at 8150  Baltimore  Ave
2024-00224941;12/13/24 04:00;12/13/24 14:54;Injured/Sick Person;CBE;Health Center at 3983  Campus  Dr
2024-00225242;12/13/24 21:50;12/13/24 21:53;Injured/Sick Person;CBE;Dairy, Stamp, Stamp Student Union, Student Union, Union at 3972  Campus  Dr
2024-00225251;12/13/24 22:00;12/13/24 22:24;Assist Other Agency;CBE;Visitor Center at the Hotel at the University of Maryland at 7777  Baltimore  Ave
2024-00225277;12/13/24 23:02;12/13/24 23:02;Injured/Sick Person;CBE;7300 block of  Baltimore  Ave
2024-00225333;12/13/24 23:30;12/13/24 23:44;Injured/Sick Person;CBE;4300 block of  Knox  Rd
2024-00225614;12/14/24 03:11;12/14/24 03:11;DWI/DUI;Arrest;Adelphi  Rd
2024-00226063;12/04/24 12:00;12/14/24 18:18;Theft;Active/Pending;Denton, Denton Hall at 3854  Stadium  Dr
2024-00226601;12/15/24 02:09;12/15/24 02:09;Disorderly Conduct;Active/Pending;Bentleys at 7323  Baltimore  Ave
2024-00227083;12/15/24 11:30;12/15/24 14:39;Assist Other Agency;CBE;3600 block of  Campus  Dr
2024-00227246;12/15/24 04:00;12/15/24 18:06;Theft;Active/Pending;14, Harford Hall at 7660  Regents  Dr
2024-00227537;12/16/24 02:11;12/16/24 02:11;Injured/Sick Person;CBE;23, Washington, Washington Hall at 4298  Lehigh  Rd
2024-00227943;12/16/24 09:25;12/16/24 10:30;Suspicious Activity;Active/Pending;39, Van Munching, Van Munching Hall at 7699  Mowatt  Ln
2024-00227953;12/16/24 10:45;12/16/24 10:49;Injured/Sick Person;Arrest;3900 block of  Campus  Dr
2024-00227955;12/09/24 20:00;12/16/24 10:51;Vandalism;Active/Pending;7500 block of  Mowatt  Ln
2024-00229009;12/17/24 12:47;12/17/24 12:47;Damage to State Property;CBE;E. A. Fernandez Idea Factory, Idea Factory at 4462  Stadium  Dr
2024-00229044;12/17/24 14:24;12/17/24 14:24;Theft;Arrest;Oakland, Oakland Hall at 3912  Denton Service  Ln
2024-00229523;12/18/24 00:27;12/18/24 00:27;DWI/DUI;Arrest;University  Blvd
2024-00230044;12/18/24 16:46;12/18/24 16:46;Other Incident;CBE;7, Pocomoke, Pocomoke Building, Police, UMDPS, UMPD at 7569  Baltimore  Ave
2024-00230303;12/09/24 23:00;12/18/24 22:40;Assault;CBE;Prince Frederick, Prince Frederick Hall at 7030  Preinkert  Dr
2024-00230802;12/19/24 09:15;12/19/24 09:15;Injured/Sick Person;CBE;Comcast Center, Xfinity, Xfinity Center at 8500  Paint Branch  Dr
2024-00230847;12/19/24 05:45;12/19/24 11:28;Damage to State Property;Active/Pending;Commons 3, SCC 3, South Campus Commons 3 at 4318  Knox  Rd
2024-00230890;12/19/24 11:15;12/19/24 14:06;Injured/Sick Person;CBE;91, Chemistry, Chemistry Building at 8051  Regents  Dr
2024-00230902;12/19/24 13:00;12/19/24 14:43;Theft;Active/Pending;68, Eppley, Eppley Recreation Center, ERC at 4128  Valley  Dr
2024-00230951;12/19/24 16:00;12/19/24 16:39;Theft;Active/Pending;7800 block of  Alumni  Dr
2024-00231386;12/19/24 23:40;12/19/24 23:43;Trespassing;Arrest;Hornbake, Hornbake Library at 4130  Campus  Dr
2024-00232345;12/20/24 16:30;12/20/24 16:30;Emergency Petition;CBE;College Park Fire Station, Company 12 at 8115  Baltimore  Ave
2024-00233792;12/22/24 01:52;12/22/24 01:52;DWI/DUI;Arrest;Adelphi  Rd
2024-00234841;12/23/24 00:29;12/23/24 00:29;DWI/DUI;Arrest;3400 block of  Tulane  Dr
2024-00236268;12/25/24 00:27;12/25/24 00:27;DWI/DUI;Arrest;University  Blvd
2024-00236366;12/25/24 04:03;12/25/24 04:03;DWI/DUI;Arrest;Metzerott  Rd
2024-00236718;12/26/24 00:10;12/26/24 00:10;DWI/DUI;Arrest;Paint Branch Gate at 8966  Paint Branch  Dr
2024-00238272;12/28/24 04:50;12/28/24 04:50;DWI/DUI;Arrest;Lot 1b
2024-00239259;12/30/24 00:44;12/30/24 00:44;Trespassing;Arrest;Hornbake, Hornbake Library at 4130  Campus  Dr
2024-00239329;12/30/24 03:51;12/30/24 03:51;Other Service Call;CBE;84, Kirwan Hall, Mathematics Building, William E. Kirwan Hall at 4176  Campus  Dr
2025-00024646;02/03/25 12:58;02/03/25 16:52;Theft;Arrest;Brendan Iribe Center, Iribe Center at 8125  Paint Branch  Dr
